_id,dataCollectionDate,beachName,windSpeed,windDirection,airTemp,rain,rainAmount,waterTemp,waterFowl,waveAction,waterClarity,turbidity
16631,2024-04-26,Marie Curtis Park East Beach,,None,,N/A,,,,None,None,
16632,2024-04-26,Sunnyside Beach,,None,,N/A,,,,None,None,
16633,2024-04-26,Hanlan's Point Beach,,None,,N/A,,,,None,None,
16634,2024-04-26,Gibraltar Point Beach,,None,,N/A,,,,None,None,
16635,2024-04-26,Centre Island Beach,,None,,N/A,,,,None,None,
16636,2024-04-26,Ward's Island Beach,,None,,N/A,,,,None,None,
16637,2024-04-26,Cherry Beach,,None,,N/A,,,,NONE,None,
16638,2024-04-26,Woodbine Beaches,,None,,N/A,,,,None,None,
16639,2024-04-26,Kew Balmy Beach,,None,,N/A,,,,None,None,
16640,2024-04-26,Bluffer's Beach Park,,None,,N/A,,,,None,None,
11908,2024-05-15,Marie Curtis Park East Beach,,None,,N/A,,,,None,None,
11909,2024-05-15,Sunnyside Beach,,None,,N/A,,,,None,None,
11910,2024-05-15,Hanlan's Point Beach,,None,,N/A,,,,None,None,
11911,2024-05-15,Gibraltar Point Beach,,None,,N/A,,,,None,None,
11912,2024-05-15,Centre Island Beach,,None,,N/A,,,,None,None,
11913,2024-05-15,Ward's Island Beach,,None,,N/A,,,,None,None,
11914,2024-05-15,Cherry Beach,,None,,N/A,,,,None,None,
11915,2024-05-15,Woodbine Beaches,,None,,N/A,,,,None,None,
11916,2024-05-15,Kew Balmy Beach,,None,,N/A,,,,None,None,
11917,2024-05-15,Bluffer's Beach Park,,None,,N/A,,,,None,None,
12888,2024-05-21,Marie Curtis Park East Beach,9,SE,18,No,,17,,NONE,cloudy,2.32
12889,2024-05-21,Sunnyside Beach,9,SE,18,No,,18,,NONE,clear,1.9
12890,2024-05-21,Hanlan's Point Beach,9,SE,18,No,,16,,NONE,clear,
12891,2024-05-21,Gibraltar Point Beach,9,SE,18,No,,16,,NONE,clear,
12892,2024-05-21,Centre Island Beach,9,SE,18,No,,16,,NONE,clear,
12893,2024-05-21,Ward's Island Beach,9,SE,18,No,,17,,NONE,clear,
12894,2024-05-21,Cherry Beach,9,SE,18,No,,18,4,NONE,clear,
12895,2024-05-21,Woodbine Beaches,9,SE,18,No,,15,12,NONE,clear,
12896,2024-05-21,Kew Balmy Beach,9,SE,18,No,,15,41,NONE,clear,
12897,2024-05-21,Bluffer's Beach Park,9,SE,18,No,,15,16,NONE,clear,
16401,2024-05-22,Marie Curtis Park East Beach,9,SE,19,No,,16,,NONE,clear,1.21
16402,2024-05-22,Sunnyside Beach,9,SE,19,No,,17,2,NONE,cloudy,1.32
16403,2024-05-22,Hanlan's Point Beach,9,SE,19,No,,15,,NONE,clear,
16404,2024-05-22,Gibraltar Point Beach,9,SE,19,No,,15,,NONE,clear,
16405,2024-05-22,Centre Island Beach,9,SE,19,No,,16,,NONE,clear,
16406,2024-05-22,Ward's Island Beach,9,SE,19,No,,6,,NONE,clear,
16407,2024-05-22,Cherry Beach,9,SE,19,No,,15,,NONE,clear,
16408,2024-05-22,Woodbine Beaches,9,SE,19,No,,18,8,NONE,clear,
16409,2024-05-22,Kew Balmy Beach,9,SE,19,No,,18,,NONE,clear,
16410,2024-05-22,Bluffer's Beach Park,9,SE,19,No,,18,11,NONE,clear,
12158,2024-05-23,Marie Curtis Park East Beach,15,W,16,No,,14,,NONE,clear,2.02
12159,2024-05-23,Sunnyside Beach,15,W,16,No,,18,11,NONE,cloudy,1.97
12160,2024-05-23,Hanlan's Point Beach,15,W,16,No,,15,8,LOW,cloudy,
12161,2024-05-23,Gibraltar Point Beach,15,W,16,No,,17,2,LOW,cloudy,
12162,2024-05-23,Centre Island Beach,15,W,16,No,,16,6,LOW,clear,
12163,2024-05-23,Ward's Island Beach,15,W,16,No,,14,1,LOW,clear,
12164,2024-05-23,Cherry Beach,15,W,16,No,,15,2,LOW,clear,
12165,2024-05-23,Woodbine Beaches,15,W,16,No,,13,,NONE,clear,
12166,2024-05-23,Kew Balmy Beach,15,W,16,No,,13,3,LOW,murcky,
12167,2024-05-23,Bluffer's Beach Park,15,W,16,No,,14,,NONE,clear,
15371,2024-05-24,Marie Curtis Park East Beach,18,NW,15,Yes,0,14,,NONE,clear,0.62
15372,2024-05-24,Sunnyside Beach,18,NW,15,Yes,0,16,,NONE,clear,0.92
15373,2024-05-24,Hanlan's Point Beach,18,NW,15,Yes,0,15,,NONE,clear,
15374,2024-05-24,Gibraltar Point Beach,18,NW,15,Yes,0,15,,NONE,clear,
15375,2024-05-24,Centre Island Beach,18,NW,15,Yes,0,15,2,NONE,clear,
15376,2024-05-24,Ward's Island Beach,18,NW,15,Yes,0,16,,NONE,clear,
15377,2024-05-24,Cherry Beach,18,NW,15,Yes,0,17,,NONE,cloudy,
15378,2024-05-24,Woodbine Beaches,18,NW,15,Yes,0,14,2,NONE,clear,
15379,2024-05-24,Kew Balmy Beach,18,NW,15,Yes,0,14,,NONE,clear,
15380,2024-05-24,Bluffer's Beach Park,18,NW,15,Yes,0,13,18,NONE,clear,
13939,2024-05-25,Marie Curtis Park East Beach,32,NE,14,No,,14,4,MOD,Murky,0.88
13940,2024-05-25,Sunnyside Beach,32,NE,14,No,,15,10,NONE,Clear,0.74
13941,2024-05-25,Hanlan's Point Beach,32,NE,14,No,,,,None,None,
13942,2024-05-25,Gibraltar Point Beach,32,NE,14,No,,,,None,None,
13943,2024-05-25,Centre Island Beach,32,NE,14,No,,,,None,None,
13944,2024-05-25,Ward's Island Beach,32,NE,14,No,,,,None,None,
13945,2024-05-25,Cherry Beach,32,NE,14,No,,,,None,None,
13946,2024-05-25,Woodbine Beaches,32,NE,14,No,,12,,MOD,clear,
13947,2024-05-25,Kew Balmy Beach,32,NE,14,No,,11,,MOD,clear,
13948,2024-05-25,Bluffer's Beach Park,32,NE,14,No,,12,,MOD,clear,
12988,2024-05-26,Marie Curtis Park East Beach,11,N,14,Yes,7,14,9,NONE,Clear,0.72
12989,2024-05-26,Sunnyside Beach,11,N,14,Yes,7,15,2,NONE,Clear,0.83
12990,2024-05-26,Hanlan's Point Beach,11,N,14,Yes,7,13,,NONE,Clear,
12991,2024-05-26,Gibraltar Point Beach,11,N,14,Yes,7,13,,NONE,Cloudy,
12992,2024-05-26,Centre Island Beach,11,N,14,Yes,7,13,4,NONE,Clear,
12993,2024-05-26,Ward's Island Beach,11,N,14,Yes,7,13,,NONE,Clear,
12994,2024-05-26,Cherry Beach,11,N,14,Yes,7,12,26,NONE,Clear,
12995,2024-05-26,Woodbine Beaches,11,N,14,Yes,7,13,,NONE,Cloudy,
12996,2024-05-26,Kew Balmy Beach,11,N,14,Yes,7,13,10,NONE,Cloudy,
12997,2024-05-26,Bluffer's Beach Park,11,N,14,Yes,7,14,20,NONE,Cloudy,
15761,2024-05-27,Marie Curtis Park East Beach,4,SE,16,Yes,3,16,,LOW,Clear,4.22
15762,2024-05-27,Sunnyside Beach,4,SE,16,Yes,3,16,5,NONE,Debris,1.07
15763,2024-05-27,Hanlan's Point Beach,4,SE,16,Yes,3,14,,MOD,Clear,
15764,2024-05-27,Gibraltar Point Beach,4,SE,16,Yes,3,14,,HIGH,Clear,
15765,2024-05-27,Centre Island Beach,4,SE,16,Yes,3,14,3,NONE,Debris,
15766,2024-05-27,Ward's Island Beach,4,SE,16,Yes,3,14,2,LOW,Clear,
15767,2024-05-27,Cherry Beach,4,SE,16,Yes,3,13,4,LOW,murky,
15768,2024-05-27,Woodbine Beaches,4,SE,16,Yes,3,14,47,LOW,cloudy,
15769,2024-05-27,Kew Balmy Beach,4,SE,16,Yes,3,14,23,LOW,cloudy,
15770,2024-05-27,Bluffer's Beach Park,4,SE,16,Yes,3,14,,MOD,cloudy/murky,
16601,2024-05-28,Marie Curtis Park East Beach,30,NW,16,Yes,23,14,,NONE,clear,1.08
16602,2024-05-28,Sunnyside Beach,30,NW,16,Yes,23,15,,NONE,murky,3.47
16603,2024-05-28,Hanlan's Point Beach,30,NW,16,Yes,23,15,,NONE,clear,
16604,2024-05-28,Gibraltar Point Beach,30,NW,16,Yes,23,14,,NONE,clear,
16605,2024-05-28,Centre Island Beach,30,NW,16,Yes,23,13,7,NONE,clear,
16606,2024-05-28,Ward's Island Beach,30,NW,16,Yes,23,14,2,NONE,clear,
16607,2024-05-28,Cherry Beach,30,NW,16,Yes,23,15,,NONE,clear,
16608,2024-05-28,Woodbine Beaches,30,NW,16,Yes,23,14,2,NONE,cloudy,
16609,2024-05-28,Kew Balmy Beach,30,NW,16,Yes,23,14,,NONE,cloudy,
16610,2024-05-28,Bluffer's Beach Park,30,NW,16,Yes,23,14,,NONE,clear,
15801,2024-05-29,Marie Curtis Park East Beach,18,NE,15,Yes,12,13,4,NONE,Murky,2.31
15802,2024-05-29,Sunnyside Beach,18,NE,15,Yes,12,15,10,NONE,clear,1.56
15803,2024-05-29,Hanlan's Point Beach,18,NE,15,Yes,12,14,6,NONE,clear,
15804,2024-05-29,Gibraltar Point Beach,18,NE,15,Yes,12,13,2,NONE,clear,
15805,2024-05-29,Centre Island Beach,18,NE,15,Yes,12,15,2,NONE,clear,
15806,2024-05-29,Ward's Island Beach,18,NE,15,Yes,12,15,,NONE,cloudy,
15807,2024-05-29,Cherry Beach,18,NE,15,Yes,12,15,,NONE,cloudy,
15808,2024-05-29,Woodbine Beaches,18,NE,15,Yes,12,16,10,LOW,clear,
15809,2024-05-29,Kew Balmy Beach,18,NE,15,Yes,12,16,30,NONE,clear,
15810,2024-05-29,Bluffer's Beach Park,18,NE,15,Yes,12,16,15,LOW,clear,
11698,2024-05-30,Marie Curtis Park East Beach,17,NW,11,No,,13,,NONE,clear,0.61
11699,2024-05-30,Sunnyside Beach,17,NW,11,No,,15,,NONE,cloudy,1.7
11700,2024-05-30,Hanlan's Point Beach,17,NW,11,No,,12,,NONE,clear,
11701,2024-05-30,Gibraltar Point Beach,17,NW,11,No,,14,,LOW,clear,
11702,2024-05-30,Centre Island Beach,17,NW,11,No,,14,3,NONE,cloudy,
11703,2024-05-30,Ward's Island Beach,17,NW,11,No,,14,1,NONE,clear,
11704,2024-05-30,Cherry Beach,17,NW,11,No,,15,1,NONE,cloudy,
11705,2024-05-30,Woodbine Beaches,17,NW,11,No,,13,,NONE,clear,
11706,2024-05-30,Kew Balmy Beach,17,NW,11,No,,13,,NONE,clear,
11707,2024-05-30,Bluffer's Beach Park,17,NW,11,No,,11,9,NONE,clear,
11768,2024-05-31,Marie Curtis Park East Beach,9,W,11,No,,13,,NONE,murky,1.3
11769,2024-05-31,Sunnyside Beach,9,W,11,No,,14,,NONE,Murky,0.67
11770,2024-05-31,Hanlan's Point Beach,9,W,11,No,,14,2,NONE,clear,
11771,2024-05-31,Gibraltar Point Beach,9,W,11,No,,14,,NONE,clear,
11772,2024-05-31,Centre Island Beach,9,W,11,No,,15,,NONE,clear,
11773,2024-05-31,Ward's Island Beach,9,W,11,No,,15,,NONE,cloudy,
11774,2024-05-31,Cherry Beach,9,W,11,No,,16,,NONE,clear,
11775,2024-05-31,Woodbine Beaches,9,W,11,No,,12,1,NONE,clear,
11776,2024-05-31,Kew Balmy Beach,9,W,11,No,,11,3,NONE,clear,
11777,2024-05-31,Bluffer's Beach Park,9,W,11,No,,9,17,NONE,clear,
14579,2024-06-01,Marie Curtis Park East Beach,4,S,13,No,,13,5,NONE,clear,1.38
14580,2024-06-01,Sunnyside Beach,4,S,13,No,,15,15,NONE,clear,2.85
14581,2024-06-01,Hanlan's Point Beach,4,S,13,No,,13,,NONE,clear,
14582,2024-06-01,Gibraltar Point Beach,4,S,13,No,,14,,NONE,clear,
14583,2024-06-01,Centre Island Beach,4,S,13,No,,14,8,NONE,clear,
14584,2024-06-01,Ward's Island Beach,4,S,13,No,,15,,NONE,clear,
14585,2024-06-01,Cherry Beach,4,S,13,No,,15,,NONE,clear,
14586,2024-06-01,Woodbine Beaches,4,S,13,No,,10,,NONE,clear,
14587,2024-06-01,Kew Balmy Beach,4,S,13,No,,10,,NONE,clear,
14588,2024-06-01,Bluffer's Beach Park,4,S,13,No,,8,,NONE,clear,
16801,2024-06-02,Marie Curtis Park East Beach,13,NE,16,No,,16,,NONE,Murky,2.07
16802,2024-06-02,Sunnyside Beach,13,NE,16,No,,15,3,NONE,Clear,1.5
16803,2024-06-02,Hanlan's Point Beach,13,NE,16,No,,15,2,NONE,Clear,
16804,2024-06-02,Gibraltar Point Beach,13,NE,16,No,,16,2,NONE,Clear,
16805,2024-06-02,Centre Island Beach,13,NE,16,No,,16,1,NONE,Clear,
16806,2024-06-02,Ward's Island Beach,13,NE,16,No,,17,,NONE,Clear,
16807,2024-06-02,Cherry Beach,13,NE,16,No,,18,2,NONE,Clear,
16808,2024-06-02,Woodbine Beaches,13,NE,16,No,,13,11,LOW,Clear,
16809,2024-06-02,Kew Balmy Beach,13,NE,16,No,,12,75,LOW,Clear,
16810,2024-06-02,Bluffer's Beach Park,13,NE,16,No,,7,60,NONE,Clear,
11478,2024-06-03,Marie Curtis Park East Beach,15,NE,15,Yes,3,16,,NONE,clear,1.53
11479,2024-06-03,Sunnyside Beach,15,NE,15,Yes,3,17,2,NONE,murky,1.8
11480,2024-06-03,Hanlan's Point Beach,15,NE,15,Yes,3,15,3,NONE,clear,
11481,2024-06-03,Gibraltar Point Beach,15,NE,15,Yes,3,15,,NONE,clear,
11482,2024-06-03,Centre Island Beach,15,NE,15,Yes,3,15,6,NONE,clear,
11483,2024-06-03,Ward's Island Beach,15,NE,15,Yes,3,15,2,NONE,clear,
11484,2024-06-03,Cherry Beach,15,NE,15,Yes,3,16,8,NONE,Clear ,
11485,2024-06-03,Woodbine Beaches,15,NE,15,Yes,3,14,4,NONE,Cloudy ,
11486,2024-06-03,Kew Balmy Beach,15,NE,15,Yes,3,14,17,NONE,Clear ,
11487,2024-06-03,Bluffer's Beach Park,15,NE,15,Yes,3,11,36,NONE,Clear,
12038,2024-06-04,Marie Curtis Park East Beach,17,NE,18,Yes,0,18,,NONE,Cloudy,
12039,2024-06-04,Sunnyside Beach,17,NE,18,Yes,0,18,25,NONE,Clear,
12040,2024-06-04,Hanlan's Point Beach,17,NE,18,Yes,0,16,1,NONE,Clear,
12041,2024-06-04,Gibraltar Point Beach,17,NE,18,Yes,0,16,30,LOW,Clear,
12042,2024-06-04,Centre Island Beach,17,NE,18,Yes,0,17,29,NONE,Clear,
12043,2024-06-04,Ward's Island Beach,17,NE,18,Yes,0,16,,NONE,Clear,
12044,2024-06-04,Cherry Beach,17,NE,18,Yes,0,17,11,NONE,Clear,
12045,2024-06-04,Woodbine Beaches,17,NE,18,Yes,0,15,2,NONE,Cloudy,
12046,2024-06-04,Kew Balmy Beach,17,NE,18,Yes,0,16,37,NONE,Cloudy,
12047,2024-06-04,Bluffer's Beach Park,17,NE,18,Yes,0,14,4,NONE,Clear,
13182,2024-06-05,Marie Curtis Park East Beach,18,E,19,No,,18,20,NONE,clear,1.04
13183,2024-06-05,Sunnyside Beach,18,E,19,No,,18,5,NONE,clear,1.4
13184,2024-06-05,Hanlan's Point Beach,18,E,19,No,,16,,LOW,clear,
13185,2024-06-05,Gibraltar Point Beach,18,E,19,No,,16,,LOW,clear,
13186,2024-06-05,Centre Island Beach,18,E,19,No,,17,2,NONE,clear,
13187,2024-06-05,Ward's Island Beach,18,E,19,No,,16,,NONE,clear,
13188,2024-06-05,Cherry Beach,18,E,19,No,,18,16,NONE,clear,
13189,2024-06-05,Woodbine Beaches,18,E,19,No,,13,,NONE,clear,
13190,2024-06-05,Kew Balmy Beach,18,E,19,No,,12,,NONE,clear,
13191,2024-06-05,Bluffer's Beach Park,18,E,19,No,,16,48,NONE,clear,
17891,2024-06-06,Marie Curtis Park East Beach,8,SW,17,Yes,1,18,,NONE,Algae,1.42
17892,2024-06-06,Sunnyside Beach,8,SW,17,Yes,1,20,12,NONE,Algae,1.15
17893,2024-06-06,Hanlan's Point Beach,8,SW,17,Yes,1,18,2,NONE,Clear,
17894,2024-06-06,Gibraltar Point Beach,8,SW,17,Yes,1,15,30,NONE,Clear,
17895,2024-06-06,Centre Island Beach,8,SW,17,Yes,1,17,29,NONE,Clear,
17896,2024-06-06,Ward's Island Beach,8,SW,17,Yes,1,17,,NONE,Clear,
17897,2024-06-06,Cherry Beach,8,SW,17,Yes,1,18,22,NONE,Clear ,
17898,2024-06-06,Woodbine Beaches,8,SW,17,Yes,1,16,1,NONE,Clear ,
17899,2024-06-06,Kew Balmy Beach,8,SW,17,Yes,1,18,50,NONE,Cloudy ,
17900,2024-06-06,Bluffer's Beach Park,8,SW,17,Yes,1,15,2,NONE,Clear,
17421,2024-06-07,Marie Curtis Park East Beach,15,W,16,Yes,1,17,,NONE,clear,0.54
17422,2024-06-07,Sunnyside Beach,15,W,16,Yes,1,18,,NONE,clear,0.83
17423,2024-06-07,Hanlan's Point Beach,15,W,16,Yes,1,16,8,NONE,cloudy,
17424,2024-06-07,Gibraltar Point Beach,15,W,16,Yes,1,14,,NONE,cloudy,
17425,2024-06-07,Centre Island Beach,15,W,16,Yes,1,15,17,NONE,clear,
17426,2024-06-07,Ward's Island Beach,15,W,16,Yes,1,15,,NONE,cloudy,
17427,2024-06-07,Cherry Beach,15,W,16,Yes,1,15,3,NONE,cloudy,
17428,2024-06-07,Woodbine Beaches,15,W,16,Yes,1,13,3,NONE,clear,
17429,2024-06-07,Kew Balmy Beach,15,W,16,Yes,1,13,7,LOW,clear,
17430,2024-06-07,Bluffer's Beach Park,15,W,16,Yes,1,12,1,NONE,clear,
12218,2024-06-08,Marie Curtis Park East Beach,18,W,13,Yes,4,10,,NONE,clear,0.88
12219,2024-06-08,Sunnyside Beach,18,W,13,Yes,4,11,22,NONE,clear,0.56
12220,2024-06-08,Hanlan's Point Beach,18,W,13,Yes,4,11,,MOD,clear,
12221,2024-06-08,Gibraltar Point Beach,18,W,13,Yes,4,10,,MOD,clear,
12222,2024-06-08,Centre Island Beach,18,W,13,Yes,4,14,,NONE,murky,
12223,2024-06-08,Ward's Island Beach,18,W,13,Yes,4,15,,LOW,clear,
12224,2024-06-08,Cherry Beach,18,W,13,Yes,4,16,17,LOW,clear,
12225,2024-06-08,Woodbine Beaches,18,W,13,Yes,4,8,,NONE,Clear,
12226,2024-06-08,Kew Balmy Beach,18,W,13,Yes,4,9,,NONE,Clear,
12227,2024-06-08,Bluffer's Beach Park,18,W,13,Yes,4,8,5,LOW,Clear,
12228,2024-06-09,Marie Curtis Park East Beach,9,W,11,Yes,4,10,7,NONE,Clear,1.51
12229,2024-06-09,Sunnyside Beach,9,W,11,Yes,4,10,,NONE,Clear,0.38
12230,2024-06-09,Hanlan's Point Beach,9,W,11,Yes,4,10,,LOW,Clear,
12231,2024-06-09,Gibraltar Point Beach,9,W,11,Yes,4,11,3,LOW,Clear,
12232,2024-06-09,Centre Island Beach,9,W,11,Yes,4,12,9,NONE,Clear,
12233,2024-06-09,Ward's Island Beach,9,W,11,Yes,4,15,,LOW,Cloudy,
12234,2024-06-09,Cherry Beach,9,W,11,Yes,4,17,12,LOW,Cloudy,
12235,2024-06-09,Woodbine Beaches,9,W,11,Yes,4,9,3,LOW,Clear,
12236,2024-06-09,Kew Balmy Beach,9,W,11,Yes,4,9,21,LOW,Clear,
12237,2024-06-09,Bluffer's Beach Park,9,W,11,Yes,4,8,5,NONE,Clear,
14549,2024-06-10,Marie Curtis Park East Beach,18,NW,13,Yes,3,8,,NONE,Clear,0.39
14550,2024-06-10,Sunnyside Beach,18,NW,13,Yes,3,9,3,NONE,Clear,0.33
14551,2024-06-10,Hanlan's Point Beach,18,NW,13,Yes,3,8,4,NONE,Clear,
14552,2024-06-10,Gibraltar Point Beach,18,NW,13,Yes,3,8,,NONE,Clear,
14553,2024-06-10,Centre Island Beach,18,NW,13,Yes,3,12,2,NONE,Clear,
14554,2024-06-10,Ward's Island Beach,18,NW,13,Yes,3,12,,NONE,Clear,
14555,2024-06-10,Cherry Beach,18,NW,13,Yes,3,15,3,NONE,Clear,
14556,2024-06-10,Woodbine Beaches,18,NW,13,Yes,3,8,1,NONE,Clear,
14557,2024-06-10,Kew Balmy Beach,18,NW,13,Yes,3,8,2,NONE,Clear,
14558,2024-06-10,Bluffer's Beach Park,18,NW,13,Yes,3,5,10,NONE,Clear,
16321,2024-06-11,Marie Curtis Park East Beach,13,N,12,No,,9,,NONE,Clear,0.45
16322,2024-06-11,Sunnyside Beach,13,N,12,No,,8,20,NONE,Clear,0.23
16323,2024-06-11,Hanlan's Point Beach,13,N,12,No,,8,,NONE,Clear,
16324,2024-06-11,Gibraltar Point Beach,13,N,12,No,,10,,NONE,Clear,
16325,2024-06-11,Centre Island Beach,13,N,12,No,,11,,NONE,Clear,
16326,2024-06-11,Ward's Island Beach,13,N,12,No,,10,,NONE,Clear,
16327,2024-06-11,Cherry Beach,13,N,12,No,,11,,NONE,Clear,
16328,2024-06-11,Woodbine Beaches,13,N,12,No,,8,,NONE,Clear,
16329,2024-06-11,Kew Balmy Beach,13,N,12,No,,8,7,NONE,Clear,
16330,2024-06-11,Bluffer's Beach Park,13,N,12,No,,6,,NONE,Clear,
16831,2024-06-12,Marie Curtis Park East Beach,11,E,11,No,,10,1,NONE,clear,0.69
16832,2024-06-12,Sunnyside Beach,11,E,11,No,,11,2,NONE,clear,0.57
16833,2024-06-12,Hanlan's Point Beach,11,E,11,No,,12,3,NONE,clear,
16834,2024-06-12,Gibraltar Point Beach,11,E,11,No,,11.5,,NONE,clear,
16835,2024-06-12,Centre Island Beach,11,E,11,No,,12,10,NONE,clear,
16836,2024-06-12,Ward's Island Beach,11,E,11,No,,12,2,NONE,clear,
16837,2024-06-12,Cherry Beach,11,E,11,No,,13,2,NONE,clear,
16838,2024-06-12,Woodbine Beaches,11,E,11,No,,9,,NONE,clear,
16839,2024-06-12,Kew Balmy Beach,11,E,11,No,,10,5,NONE,clear,
16840,2024-06-12,Bluffer's Beach Park,11,E,11,No,,10,,NONE,clear,
12848,2024-06-13,Marie Curtis Park East Beach,4,E,16,No,,12,2,NONE,clear,2.18
12849,2024-06-13,Sunnyside Beach,4,E,16,No,,13,9,NONE,clear,0.46
12850,2024-06-13,Hanlan's Point Beach,4,E,16,No,,12,3,LOW,clear,
12851,2024-06-13,Gibraltar Point Beach,4,E,16,No,,13,,LOW,clear,
12852,2024-06-13,Centre Island Beach,4,E,16,No,,13,5,LOW,clear,
12853,2024-06-13,Ward's Island Beach,4,E,16,No,,13,,LOW,clear,
12854,2024-06-13,Cherry Beach,4,E,16,No,,14,3,NONE,clear,
12855,2024-06-13,Woodbine Beaches,4,E,16,No,,11,,NONE,clear,
12856,2024-06-13,Kew Balmy Beach,4,E,16,No,,11,,NONE,clear,
12857,2024-06-13,Bluffer's Beach Park,4,E,16,No,,10,,LOW,cloudy,
17251,2024-06-14,Marie Curtis Park East Beach,13,SW,15,Yes,4,12,,NONE,Clear,0.61
17252,2024-06-14,Sunnyside Beach,13,SW,15,Yes,4,14,,NONE,Clear ,1.45
17253,2024-06-14,Hanlan's Point Beach,13,SW,15,Yes,4,8,,NONE,Cloudy,
17254,2024-06-14,Gibraltar Point Beach,13,SW,15,Yes,4,8,2,NONE,Clear ,
17255,2024-06-14,Centre Island Beach,13,SW,15,Yes,4,11,4,NONE,Clear ,
17256,2024-06-14,Ward's Island Beach,13,SW,15,Yes,4,12,5,NONE,Clear ,
17257,2024-06-14,Cherry Beach,13,SW,15,Yes,4,14,3,NONE,Clear,
17258,2024-06-14,Woodbine Beaches,13,SW,15,Yes,4,10,,NONE,Clear ,
17259,2024-06-14,Kew Balmy Beach,13,SW,15,Yes,4,9,27,NONE,Clear ,
17260,2024-06-14,Bluffer's Beach Park,13,SW,15,Yes,4,9,,NONE,Clear ,
11778,2024-06-15,Marie Curtis Park East Beach,11,N,15,No,,10,,NONE,Clear,0.42
11779,2024-06-15,Sunnyside Beach,11,N,15,No,,12,3,NONE,Clear,0.97
11780,2024-06-15,Hanlan's Point Beach,11,N,15,No,,12,1,NONE,Clear,
11781,2024-06-15,Gibraltar Point Beach,11,N,15,No,,12,,LOW,clear,
11782,2024-06-15,Centre Island Beach,11,N,15,No,,12,1,NONE,Clear,
11783,2024-06-15,Ward's Island Beach,11,N,15,No,,12,,NONE,Clear,
11784,2024-06-15,Cherry Beach,11,N,15,No,,14,2,NONE,Clear,
11785,2024-06-15,Woodbine Beaches,11,N,15,No,,9,21,NONE,Clear,
11786,2024-06-15,Kew Balmy Beach,11,N,15,No,,10,47,NONE,Clear,
11787,2024-06-15,Bluffer's Beach Park,11,N,15,No,,9,10,NONE,Murky,
11788,2024-06-16,Marie Curtis Park East Beach,17,NE,15,No,,13,,NONE,Algae,0.8
11789,2024-06-16,Sunnyside Beach,17,NE,15,No,,13,,NONE,Algae,0.36
11790,2024-06-16,Hanlan's Point Beach,17,NE,15,No,,11,2,NONE,Clear,
11791,2024-06-16,Gibraltar Point Beach,17,NE,15,No,,11,,NONE,Clear,
11792,2024-06-16,Centre Island Beach,17,NE,15,No,,14,4,NONE,Clear,
11793,2024-06-16,Ward's Island Beach,17,NE,15,No,,15,31,NONE,Clear,
11794,2024-06-16,Cherry Beach,4,SE,15,No,,15,,NONE,Clear,
11795,2024-06-16,Woodbine Beaches,4,SE,15,No,,10,21,MOD,Cloudy,
11796,2024-06-16,Kew Balmy Beach,4,SE,15,No,,10,1,MOD,Cloudy,
11797,2024-06-16,Bluffer's Beach Park,4,SE,15,No,,10,30,NONE,Cloudy,
11798,2024-06-17,Marie Curtis Park East Beach,15,NE,16,No,,12,,LOW,Murky,4.34
11799,2024-06-17,Sunnyside Beach,15,NE,16,No,,13,32,NONE,Clear with pollen,0.62
11800,2024-06-17,Hanlan's Point Beach,15,NE,16,No,,13,,NONE,Clear,
11801,2024-06-17,Gibraltar Point Beach,15,NE,16,No,,13,,NONE,Cloudy,
11802,2024-06-17,Centre Island Beach,15,NE,16,No,,13,16,NONE,Clear,
11803,2024-06-17,Ward's Island Beach,15,NE,16,No,,12,4,NONE,Clear,
11804,2024-06-17,Cherry Beach,15,NE,16,No,,12,13,NONE,Clear,
11805,2024-06-17,Woodbine Beaches,15,NE,16,No,,12,,LOW,Cloudy,
11806,2024-06-17,Kew Balmy Beach,15,NE,16,No,,12,,LOW,Cloudy,
11807,2024-06-17,Bluffer's Beach Park,15,NE,16,No,,13,8,LOW,Murky,
17591,2024-06-18,Marie Curtis Park East Beach,21,S,19,No,,,,None,None,
17592,2024-06-18,Sunnyside Beach,21,S,19,No,,18,14,NONE,Cloudy,2.03
17593,2024-06-18,Hanlan's Point Beach,21,S,19,No,,,,None,None,
17594,2024-06-18,Gibraltar Point Beach,21,S,19,No,,,,None,None,
17595,2024-06-18,Centre Island Beach,21,S,19,No,,,,None,None,
17596,2024-06-18,Ward's Island Beach,21,S,19,No,,,,None,None,
17597,2024-06-18,Cherry Beach,21,S,19,No,,13,,LOW,Murky,
17598,2024-06-18,Woodbine Beaches,21,S,19,No,,,,None,None,
17599,2024-06-18,Kew Balmy Beach,21,S,19,No,,,10,NONE,Clear,
17600,2024-06-18,Bluffer's Beach Park,21,S,19,No,,13,2,NONE,Clear,
16251,2024-06-19,Marie Curtis Park East Beach,4,S,21,Yes,15,16,,NONE,cloudy,1.46
16252,2024-06-19,Sunnyside Beach,4,S,21,Yes,15,20,15,NONE,debris,1.31
16253,2024-06-19,Hanlan's Point Beach,4,S,21,Yes,15,17,3,NONE,clear,
16254,2024-06-19,Gibraltar Point Beach,4,S,21,Yes,15,16,3,NONE,clear,
16255,2024-06-19,Centre Island Beach,4,S,21,Yes,15,16,,NONE,clear,
16256,2024-06-19,Ward's Island Beach,4,S,21,Yes,15,17,5,NONE,clear,
16257,2024-06-19,Cherry Beach,4,S,21,Yes,15,18,,NONE,clear,
16258,2024-06-19,Woodbine Beaches,4,S,21,Yes,15,15,,NONE,clear,
16259,2024-06-19,Kew Balmy Beach,4,S,21,Yes,15,15,40,NONE,clear,
16260,2024-06-19,Bluffer's Beach Park,4,S,21,Yes,15,16,75,NONE,clear,
15641,2024-06-20,Marie Curtis Park East Beach,11,W,20,Yes,,16,,NONE,debris,4.7
15642,2024-06-20,Sunnyside Beach,11,W,20,Yes,,19,15,NONE,cloudy,2.37
15643,2024-06-20,Hanlan's Point Beach,11,W,20,Yes,,16,1,LOW,clear,
15644,2024-06-20,Gibraltar Point Beach,11,W,20,Yes,,15,,LOW,clear,
15645,2024-06-20,Centre Island Beach,11,W,20,Yes,,16,7,NONE,clear,
15646,2024-06-20,Ward's Island Beach,11,W,20,Yes,,18,20,NONE,murky,
15647,2024-06-20,Cherry Beach,11,W,20,Yes,,19,,NONE,murky,
15648,2024-06-20,Woodbine Beaches,11,W,20,Yes,,14,,NONE,clear,
15649,2024-06-20,Kew Balmy Beach,11,W,20,Yes,,16,22,NONE,clear,
15650,2024-06-20,Bluffer's Beach Park,11,W,20,Yes,,11,5,NONE,clear,
16821,2024-06-21,Marie Curtis Park East Beach,17,E,21,Yes,54,19,,NONE,debris,8.9
16822,2024-06-21,Sunnyside Beach,17,E,21,Yes,54,21,15,NONE,debris,3.7
16823,2024-06-21,Hanlan's Point Beach,17,E,21,Yes,54,16,4,NONE,clear,
16824,2024-06-21,Gibraltar Point Beach,17,E,21,Yes,54,19,4,NONE,clear,
16825,2024-06-21,Centre Island Beach,17,E,21,Yes,54,19,21,NONE,clear,
16826,2024-06-21,Ward's Island Beach,17,E,21,Yes,54,18,,NONE,clear,
16827,2024-06-21,Cherry Beach,17,E,21,Yes,54,20,7,NONE,clear,
16828,2024-06-21,Woodbine Beaches,17,E,21,Yes,54,15,6,NONE,cloudy,
16829,2024-06-21,Kew Balmy Beach,17,E,21,Yes,54,15,81,NONE,cloudy,
16830,2024-06-21,Bluffer's Beach Park,17,E,21,Yes,54,16,12,NONE,clear,
12468,2024-06-22,Marie Curtis Park East Beach,5,SE,21,Yes,1,19,,NONE,cloudy,2.8
12469,2024-06-22,Sunnyside Beach,5,SE,21,Yes,1,18,11,NONE,cloudy,1.17
12470,2024-06-22,Hanlan's Point Beach,5,SE,21,Yes,1,17,,NONE,clear,
12471,2024-06-22,Gibraltar Point Beach,5,SE,21,Yes,1,18,22,NONE,clear,
12472,2024-06-22,Centre Island Beach,5,SE,21,Yes,1,18,12,NONE,clear,
12473,2024-06-22,Ward's Island Beach,5,SE,21,Yes,1,17,7,NONE,clear,
12474,2024-06-22,Cherry Beach,5,SE,21,Yes,1,18,7,NONE,clear,
12475,2024-06-22,Woodbine Beaches,5,SE,21,Yes,1,19,3,LOW,cloudy,
12476,2024-06-22,Kew Balmy Beach,5,SE,21,Yes,1,20,59,LOW,cloudy,
12477,2024-06-22,Bluffer's Beach Park,5,SE,21,Yes,1,16,11,LOW,cloudy,
13469,2024-06-23,Marie Curtis Park East Beach,5,E,20,Yes,2,19,22,NONE,Cloudy,
13470,2024-06-23,Sunnyside Beach,5,E,20,Yes,2,19,22,NONE,Cloudy,
13471,2024-06-23,Hanlan's Point Beach,5,E,20,Yes,2,19,3,NONE,Cloudy,
13472,2024-06-23,Gibraltar Point Beach,5,E,20,Yes,2,19,,LOW,Cloudy,
13473,2024-06-23,Centre Island Beach,5,E,20,Yes,2,20,,NONE,Clear,
13474,2024-06-23,Ward's Island Beach,5,E,20,Yes,2,18,30,NONE,Debris,
13475,2024-06-23,Cherry Beach,5,E,20,Yes,2,18,10,NONE,Cloudy,
13476,2024-06-23,Woodbine Beaches,5,E,20,Yes,2,15,,MOD,murky,
13477,2024-06-23,Kew Balmy Beach,5,E,20,Yes,2,16,7,MOD,murky,
13478,2024-06-23,Bluffer's Beach Park,5,E,20,Yes,2,17,17,LOW,"murky, debris",
13479,2024-06-24,Marie Curtis Park East Beach,11,NW,19,Yes,0,14,,NONE,Murky,2.52
13480,2024-06-24,Sunnyside Beach,11,NW,19,Yes,0,18,,NONE,Murky,1.98
13481,2024-06-24,Hanlan's Point Beach,11,NW,19,Yes,0,12,17,NONE,Clear,
13482,2024-06-24,Gibraltar Point Beach,11,NW,19,Yes,0,14,,NONE,Clear,
13483,2024-06-24,Centre Island Beach,11,NW,19,Yes,0,16,3,NONE,Clear,
13484,2024-06-24,Ward's Island Beach,11,NW,19,Yes,0,16,,NONE,Clear,
13485,2024-06-24,Cherry Beach,11,NW,19,Yes,0,16,,NONE,Clear,
13486,2024-06-24,Woodbine Beaches,11,NW,19,Yes,0,15,,NONE,Clear,
13487,2024-06-24,Kew Balmy Beach,11,NW,19,Yes,0,14,16,NONE,Clear,
13488,2024-06-24,Bluffer's Beach Park,11,NW,19,Yes,0,16,48,NONE,Clear,
15811,2024-06-25,Marie Curtis Park East Beach,4,SW,17,No,,10,4,NONE,clear,0.85
15812,2024-06-25,Sunnyside Beach,4,SW,17,No,,15,7,NONE,debris,1.17
15813,2024-06-25,Hanlan's Point Beach,4,SW,17,No,,17,,NONE,clear,
15814,2024-06-25,Gibraltar Point Beach,4,SW,17,No,,17,,NONE,clear,
15815,2024-06-25,Centre Island Beach,4,SW,17,No,,17,,NONE,clear,
15816,2024-06-25,Ward's Island Beach,4,SW,17,No,,17,,NONE,clear,
15817,2024-06-25,Cherry Beach,4,SW,17,No,,18,2,NONE,clear,
15818,2024-06-25,Woodbine Beaches,4,SW,17,No,,15,,NONE,clear,
15819,2024-06-25,Kew Balmy Beach,4,SW,17,No,,15,32,NONE,cloudy,
15820,2024-06-25,Bluffer's Beach Park,4,SW,17,No,,13,102,NONE,clear,
12248,2024-06-26,Marie Curtis Park East Beach,8,SW,19,No,,14,,NONE,murky,1.49
12249,2024-06-26,Sunnyside Beach,8,SW,19,No,,17,4,NONE,clear,3.37
12250,2024-06-26,Hanlan's Point Beach,8,SW,19,No,,16,,NONE,clear,
12251,2024-06-26,Gibraltar Point Beach,8,SW,19,No,,18,2,NONE,clear,
12252,2024-06-26,Centre Island Beach,8,SW,19,No,,18,,NONE,clear,
12253,2024-06-26,Ward's Island Beach,8,SW,19,No,,18,,NONE,clear,
12254,2024-06-26,Cherry Beach,8,SW,19,No,,20,,NONE,cloudy,
12255,2024-06-26,Woodbine Beaches,8,SW,19,No,,12,6,LOW,clear,
12256,2024-06-26,Kew Balmy Beach,8,SW,19,No,,13,71,LOW,clear,
12257,2024-06-26,Bluffer's Beach Park,8,SW,19,No,,12,17,NONE,clear,
13429,2024-06-27,Marie Curtis Park East Beach,11,NW,15,Yes,4,15,2,NONE,clear,0.85
13430,2024-06-27,Sunnyside Beach,11,NW,15,Yes,4,17,37,NONE,clear,1.85
13431,2024-06-27,Hanlan's Point Beach,11,NW,15,Yes,4,15,32,NONE,clear,
13432,2024-06-27,Gibraltar Point Beach,11,NW,15,Yes,4,13,,NONE,clear,
13433,2024-06-27,Centre Island Beach,11,NW,15,Yes,4,16,22,NONE,clear,
13434,2024-06-27,Ward's Island Beach,11,NW,15,Yes,4,16,16,NONE,clear,
13435,2024-06-27,Cherry Beach,11,NW,15,Yes,4,18,4,NONE,clear,
13436,2024-06-27,Woodbine Beaches,11,NW,15,Yes,4,8,,NONE,clear,
13437,2024-06-27,Kew Balmy Beach,11,NW,15,Yes,4,8,67,NONE,clear,
13438,2024-06-27,Bluffer's Beach Park,11,NW,15,Yes,4,13,,NONE,clear,
14798,2024-06-28,Marie Curtis Park East Beach,15,E,15,No,,14,,NONE,cloudy,
14799,2024-06-28,Sunnyside Beach,15,E,15,No,,15,30,NONE,cloudy,
14800,2024-06-28,Hanlan's Point Beach,15,E,15,No,,14,,NONE,clear,
14801,2024-06-28,Gibraltar Point Beach,15,E,15,No,,15,,NONE,clear,
14802,2024-06-28,Centre Island Beach,15,E,15,No,,17,7,NONE,clear,
14803,2024-06-28,Ward's Island Beach,15,E,15,No,,17,,NONE,clear,
14804,2024-06-28,Cherry Beach,15,E,15,No,,18,10,NONE,clear,
14805,2024-06-28,Woodbine Beaches,15,E,15,No,,8,,NONE,"clear, algae",
14806,2024-06-28,Kew Balmy Beach,15,E,15,No,,8,,NONE,clear,
14807,2024-06-28,Bluffer's Beach Park,15,E,15,No,,11,8,NONE,clear,
16121,2024-06-29,Marie Curtis Park East Beach,21,E,17,No,,15,7,MOD,Murky,4.81
16122,2024-06-29,Sunnyside Beach,21,E,17,No,,15,5,NONE,Murky,0.83
16123,2024-06-29,Hanlan's Point Beach,21,E,17,No,,16,,HIGH,Murky,
16124,2024-06-29,Gibraltar Point Beach,21,E,17,No,,16,,HIGH,Murky,
16125,2024-06-29,Centre Island Beach,21,E,17,No,,16,,HIGH,Murky,
16126,2024-06-29,Ward's Island Beach,21,E,17,No,,16,,HIGH,Murky,
16127,2024-06-29,Cherry Beach,21,E,17,No,,17,,HIGH,Murky,
16128,2024-06-29,Woodbine Beaches,21,E,17,No,,10,,HIGH,Cloudy,
16129,2024-06-29,Kew Balmy Beach,21,E,17,No,,9,,HIGH,Murky,
16130,2024-06-29,Bluffer's Beach Park,21,E,17,No,,13,10,HIGH,Murky,
16131,2024-06-30,Marie Curtis Park East Beach,24,NW,20,Yes,20,16,,NONE,murky,2.92
16132,2024-06-30,Sunnyside Beach,24,NW,20,Yes,20,17,22,NONE,murky,1.41
16133,2024-06-30,Hanlan's Point Beach,24,NW,20,Yes,20,16,,LOW,murky,
16134,2024-06-30,Gibraltar Point Beach,24,NW,20,Yes,20,14,,NONE,clear,
16135,2024-06-30,Centre Island Beach,24,NW,20,Yes,20,14,,NONE,clear,
16136,2024-06-30,Ward's Island Beach,24,NW,20,Yes,20,16,13,NONE,cloudy,
16137,2024-06-30,Cherry Beach,24,NW,20,Yes,20,16,,NONE,cloudy,
16138,2024-06-30,Woodbine Beaches,24,NW,20,Yes,20,16,2,NONE,Cloudy,
16139,2024-06-30,Kew Balmy Beach,24,NW,20,Yes,20,16,17,LOW,Cloudy,
16140,2024-06-30,Bluffer's Beach Park,24,NW,20,Yes,20,15,2,NONE,Clear,
16141,2024-07-01,Marie Curtis Park East Beach,15,NW,13,No,,12,16,NONE,clear,0.43
16142,2024-07-01,Sunnyside Beach,15,NW,13,No,,14,13,NONE,clear,0.63
16143,2024-07-01,Hanlan's Point Beach,15,NW,13,No,,14,,NONE,clear,
16144,2024-07-01,Gibraltar Point Beach,15,NW,13,No,,16,,NONE,clear,
16145,2024-07-01,Centre Island Beach,15,NW,13,No,,15,,NONE,"clear, algae",
16146,2024-07-01,Ward's Island Beach,15,NW,13,No,,14,,NONE,"murky, algae",
16147,2024-07-01,Cherry Beach,15,NW,13,No,,16,,NONE,"clear, algae",
16148,2024-07-01,Woodbine Beaches,15,NW,13,No,,12,,NONE,Clear,
16149,2024-07-01,Kew Balmy Beach,15,NW,13,No,,14,,NONE,Clear,
16150,2024-07-01,Bluffer's Beach Park,15,NW,13,No,,14,5,NONE,Clear,
16151,2024-07-02,Marie Curtis Park East Beach,4,NW,16,No,,14,,NONE,Clear,
16152,2024-07-02,Sunnyside Beach,4,NW,16,No,,15,7,NONE,Debris,
16153,2024-07-02,Hanlan's Point Beach,4,NW,16,No,,16,,NONE,Clear,
16154,2024-07-02,Gibraltar Point Beach,4,NW,16,No,,16,,NONE,Clear,
16155,2024-07-02,Centre Island Beach,4,NW,16,No,,16,12,NONE,clear,
16156,2024-07-02,Ward's Island Beach,4,NW,16,No,,17,,NONE,Clear,
16157,2024-07-02,Cherry Beach,4,NW,16,No,,16,2,NONE,None,
16158,2024-07-02,Woodbine Beaches,4,NW,16,No,,16,25,NONE,Cloudy,
16159,2024-07-02,Kew Balmy Beach,4,NW,16,No,,16,36,NONE,Cloudy,
16160,2024-07-02,Bluffer's Beach Park,4,NW,16,No,,12,,NONE,Clear,
16331,2024-07-03,Marie Curtis Park East Beach,9,E,20,No,,16,,NONE,algae,2.12
16332,2024-07-03,Sunnyside Beach,9,E,20,No,,17,25,NONE,cloudy,0.54
16333,2024-07-03,Hanlan's Point Beach,9,E,20,No,,18,,NONE,clear,
16334,2024-07-03,Gibraltar Point Beach,9,E,20,No,,18,,NONE,clear,
16335,2024-07-03,Centre Island Beach,9,E,20,No,,18,,NONE,clear,
16336,2024-07-03,Ward's Island Beach,9,E,20,No,,19,3,NONE,clear,
16337,2024-07-03,Cherry Beach,9,E,20,No,,18,,NONE,clear,
16338,2024-07-03,Woodbine Beaches,9,E,20,No,,20,3,NONE,murky,
16339,2024-07-03,Kew Balmy Beach,9,E,20,No,,18,6,NONE,murky,
16340,2024-07-03,Bluffer's Beach Park,9,E,20,No,,16,24,LOW,clear,
15461,2024-07-04,Marie Curtis Park East Beach,9,W,19,No,,17,,NONE,debris,1.53
15462,2024-07-04,Sunnyside Beach,9,W,19,No,,17,7,NONE,debris,1.17
15463,2024-07-04,Hanlan's Point Beach,9,W,19,No,,17,3,NONE,debris,
15464,2024-07-04,Gibraltar Point Beach,9,W,19,No,,18,4,NONE,clear,
15465,2024-07-04,Centre Island Beach,9,W,19,No,,18,13,NONE,clear,
15466,2024-07-04,Ward's Island Beach,9,W,19,No,,17,2,NONE,cloudy,
15467,2024-07-04,Cherry Beach,9,W,19,No,,17,7,NONE,cloudy,
15468,2024-07-04,Woodbine Beaches,9,W,19,No,,17,,NONE,clear,
15469,2024-07-04,Kew Balmy Beach,9,W,19,No,,16,,NONE,clear,
15470,2024-07-04,Bluffer's Beach Park,9,W,19,No,,16,,NONE,clear,
12588,2024-07-05,Marie Curtis Park East Beach,4,SW,21,No,,,,None,None,
12589,2024-07-05,Sunnyside Beach,4,SW,21,No,,,,None,None,
12590,2024-07-05,Hanlan's Point Beach,4,SW,21,No,,,,None,None,
12591,2024-07-05,Gibraltar Point Beach,4,SW,21,No,,,,None,None,
12592,2024-07-05,Centre Island Beach,4,SW,21,No,,,,None,None,
12593,2024-07-05,Ward's Island Beach,4,SW,21,No,,,,None,None,
12594,2024-07-05,Cherry Beach,4,SW,21,No,,,,None,None,
12595,2024-07-05,Woodbine Beaches,4,SW,21,No,,17,,NONE,clear,
12596,2024-07-05,Kew Balmy Beach,4,SW,21,No,,16,55,NONE,cloudy,
12597,2024-07-05,Bluffer's Beach Park,4,SW,21,No,,16,2,NONE,clear,
12048,2024-07-06,Marie Curtis Park East Beach,8,SW,20,Yes,1,18,7,NONE,Debris,0.8
12049,2024-07-06,Sunnyside Beach,8,SW,20,Yes,1,20,31,NONE,Debris,1.03
12050,2024-07-06,Hanlan's Point Beach,8,SW,20,Yes,1,20,4,NONE,Clear,
12051,2024-07-06,Gibraltar Point Beach,8,SW,20,Yes,1,20,,NONE,Clear,
12052,2024-07-06,Centre Island Beach,8,SW,20,Yes,1,21,21,NONE,Clear,
12053,2024-07-06,Ward's Island Beach,8,SW,20,Yes,1,21,4,NONE,Clear,
12054,2024-07-06,Cherry Beach,8,SW,20,Yes,1,22,,NONE,Clear,
12055,2024-07-06,Woodbine Beaches,8,SW,20,Yes,1,18,,NONE,clear,
12056,2024-07-06,Kew Balmy Beach,8,SW,20,Yes,1,17,5,NONE,cloudy,
12057,2024-07-06,Bluffer's Beach Park,8,SW,20,Yes,1,16,2,NONE,clear,
12058,2024-07-07,Marie Curtis Park East Beach,9,NW,20,No,,19,,NONE,clear,0.61
12059,2024-07-07,Sunnyside Beach,9,NW,20,No,,20,27,NONE,clear,0.88
12060,2024-07-07,Hanlan's Point Beach,9,NW,20,No,,20,16,NONE,clear,
12061,2024-07-07,Gibraltar Point Beach,9,NW,20,No,,19,2,NONE,clear,
12062,2024-07-07,Centre Island Beach,9,NW,20,No,,20,,NONE,"clear, algae",
12063,2024-07-07,Ward's Island Beach,9,NW,20,No,,20,,NONE,cloudy,
12064,2024-07-07,Cherry Beach,9,NW,20,No,,22,2,NONE,"clear, algae",
12065,2024-07-07,Woodbine Beaches,9,NW,20,No,,18,2,NONE,Clear,
12066,2024-07-07,Kew Balmy Beach,9,NW,20,No,,17,8,NONE,Cloudy,
12067,2024-07-07,Bluffer's Beach Park,9,NW,20,No,,18,,NONE,Clear,
12068,2024-07-08,Marie Curtis Park East Beach,9,W,19,No,,19,,NONE,Clear,
12069,2024-07-08,Sunnyside Beach,9,W,19,No,,21,6,NONE,Clear,
12070,2024-07-08,Hanlan's Point Beach,9,W,19,No,,20,,NONE,Clear,
12071,2024-07-08,Gibraltar Point Beach,9,W,19,No,,21,,NONE,Clear,
12072,2024-07-08,Centre Island Beach,9,W,19,No,,21,62,NONE,Clear,
12073,2024-07-08,Ward's Island Beach,9,W,19,No,,22,,NONE,Clear,
12074,2024-07-08,Cherry Beach,7,W,20,No,,23,4,NONE,Clear,
12075,2024-07-08,Woodbine Beaches,7,W,20,No,,20,12,NONE,Cloudy,
12076,2024-07-08,Kew Balmy Beach,7,W,20,No,,20,38,NONE,Cloudy,
12077,2024-07-08,Bluffer's Beach Park,7,W,20,No,,17,2,NONE,Clear,
14019,2024-07-09,Marie Curtis Park East Beach,13,NW,23,No,,22,,NONE,clear,0.55
14020,2024-07-09,Sunnyside Beach,13,NW,23,No,,23,7,NONE,clear,0.56
14021,2024-07-09,Hanlan's Point Beach,13,NW,23,No,,22,15,NONE,clear,
14022,2024-07-09,Gibraltar Point Beach,13,NW,23,No,,22,11,NONE,clear,
14023,2024-07-09,Centre Island Beach,13,NW,23,No,,22,54,NONE,clear,
14024,2024-07-09,Ward's Island Beach,13,NW,23,No,,24,,NONE,clear,
14025,2024-07-09,Cherry Beach,13,NW,23,No,,25,,NONE,clear,
14026,2024-07-09,Woodbine Beaches,13,NW,23,No,,20,3,NONE,Cloudy ,
14027,2024-07-09,Kew Balmy Beach,13,NW,23,No,,20,17,NONE,Cloudy ,
14028,2024-07-09,Bluffer's Beach Park,13,NW,23,No,,17,4,NONE,Clear ,
13739,2024-07-10,Marie Curtis Park East Beach,18,N,20,No,,21,,LOW,Debris ,1.4
13740,2024-07-10,Sunnyside Beach,18,N,20,No,,22,,NONE,Debris ,0.83
13741,2024-07-10,Hanlan's Point Beach,18,N,20,No,,20,,NONE,Cloudy ,
13742,2024-07-10,Gibraltar Point Beach,18,N,20,No,,22,,NONE,Cloudy,
13743,2024-07-10,Centre Island Beach,18,N,20,No,,22,,NONE,Cloudy ,
13744,2024-07-10,Ward's Island Beach,18,N,20,No,,23,,NONE,Cloudy ,
13745,2024-07-10,Cherry Beach,18,N,20,No,,26,,NONE,Cloudy ,
13746,2024-07-10,Woodbine Beaches,18,N,20,No,,20,2,NONE,Clear ,
13747,2024-07-10,Kew Balmy Beach,18,N,20,No,,19,,NONE,Clear,
13748,2024-07-10,Bluffer's Beach Park,18,N,20,No,,20,,NONE,Clear ,
15771,2024-07-11,Marie Curtis Park East Beach,13,N,19,Yes,47,20,3,NONE,Murky,7.97
15772,2024-07-11,Sunnyside Beach,13,N,19,Yes,47,20,24,NONE,Murky,1.87
15773,2024-07-11,Hanlan's Point Beach,13,N,19,Yes,47,22,,NONE,Murky,
15774,2024-07-11,Gibraltar Point Beach,13,N,19,Yes,47,22,,HIGH,Cloudy,
15775,2024-07-11,Centre Island Beach,13,N,19,Yes,47,22,24,LOW,Cloudy,
15776,2024-07-11,Ward's Island Beach,13,N,19,Yes,47,21,,NONE,Cloudy ,
15777,2024-07-11,Cherry Beach,13,N,19,Yes,47,25,11,NONE,Clear ,
15778,2024-07-11,Woodbine Beaches,13,N,19,Yes,47,20,7,HIGH,Cloudy ,
15779,2024-07-11,Kew Balmy Beach,13,N,19,Yes,47,20,31,HIGH,Cloudy ,
15780,2024-07-11,Bluffer's Beach Park,13,N,19,Yes,47,19,,LOW,Murky,
11918,2024-07-12,Marie Curtis Park East Beach,8,NW,20,Yes,1,21,,NONE,murky,1.99
11919,2024-07-12,Sunnyside Beach,8,NW,20,Yes,1,21,7,NONE,murky,0.98
11920,2024-07-12,Hanlan's Point Beach,8,NW,20,Yes,1,22,,NONE,clear,
11921,2024-07-12,Gibraltar Point Beach,8,NW,20,Yes,1,21,12,NONE,clear,
11922,2024-07-12,Centre Island Beach,8,NW,20,Yes,1,21,23,NONE,clear,
11923,2024-07-12,Ward's Island Beach,8,NW,20,Yes,1,22,,NONE,clear,
11924,2024-07-12,Cherry Beach,8,NW,20,Yes,3,23,9,NONE,clear,
11925,2024-07-12,Woodbine Beaches,8,NW,20,Yes,3,20,13,NONE,Clear ,
11926,2024-07-12,Kew Balmy Beach,8,NW,20,Yes,3,20,7,NONE,Clear,
11927,2024-07-12,Bluffer's Beach Park,8,NW,20,Yes,3,19,,NONE,Clear ,
14409,2024-07-13,Marie Curtis Park East Beach,9,W,19,Yes,7,22,,NONE,Cloudy,0.8
14410,2024-07-13,Sunnyside Beach,9,W,19,Yes,7,22,1,NONE,Clear ,0.8
14411,2024-07-13,Hanlan's Point Beach,9,W,19,Yes,7,22,18,NONE,Clear,
14412,2024-07-13,Gibraltar Point Beach,9,W,19,Yes,7,21,,NONE,Clear,
14413,2024-07-13,Centre Island Beach,9,W,19,Yes,7,22,2,NONE,Murky ,
14414,2024-07-13,Ward's Island Beach,9,W,19,Yes,7,23,,NONE,Clear ,
14415,2024-07-13,Cherry Beach,9,W,19,Yes,7,23,1,NONE,Algae,
14416,2024-07-13,Woodbine Beaches,9,W,19,Yes,7,22,15,NONE,Cloudy,
14417,2024-07-13,Kew Balmy Beach,9,W,19,Yes,7,21,26,NONE,Cloudy ,
14418,2024-07-13,Bluffer's Beach Park,9,W,19,Yes,7,20,2,NONE,Clear ,
14419,2024-07-14,Marie Curtis Park East Beach,4,S,21,Yes,0,22,,NONE,Clear,1.2
14420,2024-07-14,Sunnyside Beach,4,S,21,Yes,0,24,8,NONE,Clear ,0.91
14421,2024-07-14,Hanlan's Point Beach,4,S,21,Yes,0,23,4,NONE,Clear,
14422,2024-07-14,Gibraltar Point Beach,4,S,21,Yes,0,23,,NONE,Clear ,
14423,2024-07-14,Centre Island Beach,4,S,21,Yes,0,23,8,NONE,Clear,
14424,2024-07-14,Ward's Island Beach,4,S,21,Yes,0,24,6,NONE,Clear,
14425,2024-07-14,Cherry Beach,4,N,21,No,0,26,5,NONE,Clear ,
14426,2024-07-14,Woodbine Beaches,4,N,21,No,0,22,7,NONE,Clear,
14427,2024-07-14,Kew Balmy Beach,4,N,21,No,0,21,27,NONE,Clear,
14428,2024-07-14,Bluffer's Beach Park,4,N,21,No,0,20,,NONE,Clear ,
13599,2024-07-15,Marie Curtis Park East Beach,18,SW,22,Yes,2,22,,NONE,debris,1.02
13600,2024-07-15,Sunnyside Beach,18,SW,22,Yes,2,24,15,NONE,debris,1.57
13601,2024-07-15,Hanlan's Point Beach,18,SW,22,Yes,2,23,,LOW,cloudy,
13602,2024-07-15,Gibraltar Point Beach,18,SW,22,Yes,2,23,,LOW,cloudy,
13603,2024-07-15,Centre Island Beach,18,SW,22,Yes,2,23,,NONE,clear,
13604,2024-07-15,Ward's Island Beach,18,SW,22,Yes,2,23,,LOW,cloudy,
13605,2024-07-15,Cherry Beach,18,SW,22,Yes,2,24,,LOW,cloudy,
13606,2024-07-15,Woodbine Beaches,18,SW,22,Yes,2,20,2,NONE,cloudy,
13607,2024-07-15,Kew Balmy Beach,18,SW,22,Yes,2,20,38,NONE,cloudy,
13608,2024-07-15,Bluffer's Beach Park,18,SW,22,Yes,2,20,1,NONE,clear,
16091,2024-07-16,Marie Curtis Park East Beach,8,E,21,Yes,34,22,,NONE,debris,5.47
16092,2024-07-16,Sunnyside Beach,8,E,21,Yes,34,22,,NONE,debris,8.48
16093,2024-07-16,Hanlan's Point Beach,8,E,21,Yes,34,23,14,NONE,cloudy/debris,
16094,2024-07-16,Gibraltar Point Beach,8,E,21,Yes,34,23,2,NONE,cloudy/algae,
16095,2024-07-16,Centre Island Beach,8,E,21,Yes,34,23,2,NONE,cloudy,
16096,2024-07-16,Ward's Island Beach,8,E,21,Yes,34,24,,NONE,cloudy/debris,
16097,2024-07-16,Cherry Beach,8,E,21,Yes,34,25,,NONE,cloudy/debris,
16098,2024-07-16,Woodbine Beaches,8,E,21,Yes,34,18,17,NONE,cloudy,
16099,2024-07-16,Kew Balmy Beach,8,E,21,Yes,34,,,None,None,
16100,2024-07-16,Bluffer's Beach Park,8,E,21,Yes,34,20,,NONE,cloudy,
13273,2024-07-17,Marie Curtis Park East Beach,11,NW,21,Yes,87,20,,NONE,Debris,5.01
13274,2024-07-17,Sunnyside Beach,11,NW,21,Yes,87,21,,NONE,Debris,4.52
13275,2024-07-17,Hanlan's Point Beach,11,NW,21,Yes,87,20,6,NONE,Cloudy,
13276,2024-07-17,Gibraltar Point Beach,11,NW,21,Yes,87,23,,NONE,Cloudy,
13277,2024-07-17,Centre Island Beach,11,NW,21,Yes,87,21,11,NONE,Cloudy,
13278,2024-07-17,Ward's Island Beach,11,NW,21,Yes,87,22,,NONE,Murky,
13279,2024-07-17,Cherry Beach,11,NW,21,Yes,87,24,,NONE,Murky,
13280,2024-07-17,Woodbine Beaches,11,NW,21,Yes,87,20,,NONE,cloudy,
13281,2024-07-17,Kew Balmy Beach,11,NW,21,Yes,87,20,38,NONE,cloudy,
13282,2024-07-17,Bluffer's Beach Park,11,NW,21,Yes,87,20,4,NONE,cloudy,
13052,2024-07-18,Marie Curtis Park East Beach,26,NW,17,No,,19,,NONE,"Murky, bird feathers",11.2
13053,2024-07-18,Sunnyside Beach,26,NW,17,No,,20,41,NONE,"Murky, heavy debris at shore",3.15
13054,2024-07-18,Hanlan's Point Beach,26,NW,17,No,,18,,NONE,Murky,
13055,2024-07-18,Gibraltar Point Beach,26,NW,17,No,,20,9,NONE,Murky,
13056,2024-07-18,Centre Island Beach,26,NW,17,No,,21,15,NONE,Cloudy,
13057,2024-07-18,Ward's Island Beach,26,NW,17,No,,21,,NONE,Murky ,
13058,2024-07-18,Cherry Beach,26,NW,17,No,,22,5,NONE,Murky ,
13059,2024-07-18,Woodbine Beaches,26,NW,17,No,,21,,NONE,Clear,
13060,2024-07-18,Kew Balmy Beach,26,NW,17,No,,21,5,NONE,Clear ,
13061,2024-07-18,Bluffer's Beach Park,26,NW,17,No,,19,4,NONE,Clear ,
16981,2024-07-19,Marie Curtis Park East Beach,4,NW,15,No,,19,,NONE,Murky,5.23
16982,2024-07-19,Sunnyside Beach,4,NW,15,No,,18,9,NONE,Algae,1.6
16983,2024-07-19,Hanlan's Point Beach,4,NW,15,No,,20,7,NONE,Cloudy,
16984,2024-07-19,Gibraltar Point Beach,4,NW,15,No,,20,,NONE,Cloudy,
16985,2024-07-19,Centre Island Beach,4,NW,15,No,,20,54,NONE,Cloudy,
16986,2024-07-19,Ward's Island Beach,4,NW,15,No,,21,,NONE,Murky ,
16987,2024-07-19,Cherry Beach,4,NW,15,No,,21,11,NONE,Murky ,
16988,2024-07-19,Woodbine Beaches,4,NW,15,No,,21,6,NONE,Clear,
16989,2024-07-19,Kew Balmy Beach,4,NW,15,No,,22,27,NONE,Clear,
16990,2024-07-19,Bluffer's Beach Park,4,NW,15,No,,19,4,NONE,Clear,
13062,2024-07-20,Marie Curtis Park East Beach,8,SW,18,No,,18,,NONE,Murky,1.83
13063,2024-07-20,Sunnyside Beach,8,SW,18,No,,20,15,NONE,"Murky, Lots of debris ",2.35
13064,2024-07-20,Hanlan's Point Beach,8,SW,18,No,,21,,NONE,Cloudy,
13065,2024-07-20,Gibraltar Point Beach,8,SW,18,No,,21,,NONE,Cloudy,
13066,2024-07-20,Centre Island Beach,8,SW,18,No,,22,2,NONE,Clear,
13067,2024-07-20,Ward's Island Beach,8,SW,18,No,,22,4,NONE,Cloudy ,
13068,2024-07-20,Cherry Beach,8,SW,18,No,,23,,NONE,Cloudy ,
13069,2024-07-20,Woodbine Beaches,8,SW,18,No,,20,2,NONE,Cloudy,
13070,2024-07-20,Kew Balmy Beach,8,SW,18,No,,18,30,NONE,Murky ,
13071,2024-07-20,Bluffer's Beach Park,8,SW,18,No,,16,5,NONE,Clear ,
13072,2024-07-21,Marie Curtis Park East Beach,9,SW,20,No,,20,,NONE,Murky,3.71
13073,2024-07-21,Sunnyside Beach,9,SW,20,No,,20,28,NONE,Clear ,1.59
13074,2024-07-21,Hanlan's Point Beach,9,SW,20,No,,21,2,NONE,Cloudy,
13075,2024-07-21,Gibraltar Point Beach,9,SW,20,No,,22,6,NONE,Cloudy,
13076,2024-07-21,Centre Island Beach,9,SW,20,No,,22,,NONE,Clear ,
13077,2024-07-21,Ward's Island Beach,9,SW,20,No,,23,,NONE,Cloudy ,
13078,2024-07-21,Cherry Beach,9,SW,20,No,,24,,NONE,Cloudy ,
13079,2024-07-21,Woodbine Beaches,9,SW,20,No,,20,15,NONE,clear,
13080,2024-07-21,Kew Balmy Beach,9,SW,20,No,,19,25,NONE,clear,
13081,2024-07-21,Bluffer's Beach Park,9,SW,20,No,,16,15,NONE,clear,
13082,2024-07-22,Marie Curtis Park East Beach,9,W,19,No,,20,,NONE,murky,2.65
13083,2024-07-22,Sunnyside Beach,9,W,19,No,,20,14,NONE,debris,1.22
13084,2024-07-22,Hanlan's Point Beach,9,W,19,No,,22,4,NONE,cloudy,
13085,2024-07-22,Gibraltar Point Beach,9,W,19,No,,21,,NONE,cloudy,
13086,2024-07-22,Centre Island Beach,9,W,19,No,,22,6,NONE,cloudy,
13087,2024-07-22,Ward's Island Beach,9,W,19,No,,21,,NONE,murky,
13088,2024-07-22,Cherry Beach,9,W,19,No,,23,3,NONE,murky,
13089,2024-07-22,Woodbine Beaches,9,W,19,No,,20,5,NONE,cloudy,
13090,2024-07-22,Kew Balmy Beach,9,W,19,No,,20,31,NONE,cloudy,
13091,2024-07-22,Bluffer's Beach Park,9,W,19,No,,18,20,NONE,clear,
15381,2024-07-23,Marie Curtis Park East Beach,9,W,22,No,,20,,NONE,murky,0.78
15382,2024-07-23,Sunnyside Beach,9,W,22,No,,20,20,NONE,debris,0.98
15383,2024-07-23,Hanlan's Point Beach,9,W,22,No,,22,,NONE,clear,
15384,2024-07-23,Gibraltar Point Beach,9,W,22,No,,22,11,NONE,clear,
15385,2024-07-23,Centre Island Beach,9,W,22,No,,23,8,NONE,clear,
15386,2024-07-23,Ward's Island Beach,9,W,22,No,,24,,NONE,cloudy,
15387,2024-07-23,Cherry Beach,9,W,22,Yes,,24,,NONE,cloudy,
15388,2024-07-23,Woodbine Beaches,9,W,22,Yes,,18,8,NONE,clear,
15389,2024-07-23,Kew Balmy Beach,9,W,22,Yes,,19,37,NONE,cloudy/algae,
15390,2024-07-23,Bluffer's Beach Park,9,W,22,Yes,,20,17,NONE,clear,
12078,2024-07-24,Marie Curtis Park East Beach,4,SE,22,No,,23,,LOW,Murky ,2.52
12079,2024-07-24,Sunnyside Beach,4,SE,22,No,,23,29,NONE,"Clear, Debris",1.44
12080,2024-07-24,Hanlan's Point Beach,4,SE,22,No,,23,,LOW,Clear,
12081,2024-07-24,Gibraltar Point Beach,4,SE,22,No,,23,,LOW,Clear,
12082,2024-07-24,Centre Island Beach,4,SE,22,No,,23,,NONE,Debris,
12083,2024-07-24,Ward's Island Beach,4,SE,22,No,,23,7,LOW,Algae ,
12084,2024-07-24,Cherry Beach,4,SE,22,Yes,,23,7,LOW,Clear ,
12085,2024-07-24,Woodbine Beaches,4,SE,22,Yes,,20,39,NONE,Cloudy,
12086,2024-07-24,Kew Balmy Beach,4,SE,22,Yes,,20,42,NONE,Cloudy ,
12087,2024-07-24,Bluffer's Beach Park,4,SE,22,Yes,,22,,NONE,Clear ,
14961,2024-07-25,Marie Curtis Park East Beach,13,NW,17,Yes,11,17,,NONE,Clear,0.96
14962,2024-07-25,Sunnyside Beach,13,NW,17,Yes,11,21,7,NONE,Clear,0.8
14963,2024-07-25,Hanlan's Point Beach,13,NW,17,Yes,11,17,,LOW,Cloudy,
14964,2024-07-25,Gibraltar Point Beach,13,NW,17,Yes,11,20,,NONE,Cloudy,
14965,2024-07-25,Centre Island Beach,13,NW,17,Yes,11,21,,NONE,Clear,
14966,2024-07-25,Ward's Island Beach,13,NW,17,Yes,11,22,,NONE,Murky ,
14967,2024-07-25,Cherry Beach,13,NW,17,Yes,11,24,,NONE,Clear,
14968,2024-07-25,Woodbine Beaches,13,NW,17,Yes,11,18,,NONE,Clear ,
14969,2024-07-25,Kew Balmy Beach,13,NW,17,Yes,11,18,,NONE,Clear,
14970,2024-07-25,Bluffer's Beach Park,13,NW,17,Yes,11,17,15,NONE,Cloudy ,
15551,2024-07-26,Marie Curtis Park East Beach,11,W,17,No,,,,None,None,
15552,2024-07-26,Sunnyside Beach,11,W,17,No,,,,None,None,
15553,2024-07-26,Hanlan's Point Beach,11,W,17,No,,,,None,None,
15554,2024-07-26,Gibraltar Point Beach,11,W,17,No,,,,None,None,
15555,2024-07-26,Centre Island Beach,11,W,17,No,,,,None,None,
15556,2024-07-26,Ward's Island Beach,11,W,17,No,,,,None,None,
15557,2024-07-26,Cherry Beach,11,W,17,No,,,,None,None,
15558,2024-07-26,Woodbine Beaches,11,W,17,No,,16,11,NONE,clear,
15559,2024-07-26,Kew Balmy Beach,11,W,17,No,,17,73,NONE,clear,
15560,2024-07-26,Bluffer's Beach Park,11,W,17,No,,17,,NONE,clear,
17261,2024-07-27,Marie Curtis Park East Beach,8,W,18,No,,19,3,NONE,clear,1.41
17262,2024-07-27,Sunnyside Beach,8,W,18,No,,20,35,NONE,clear,0.92
17263,2024-07-27,Hanlan's Point Beach,8,W,18,No,,21,,NONE,clear,
17264,2024-07-27,Gibraltar Point Beach,8,W,18,No,,21,,NONE,clear,
17265,2024-07-27,Centre Island Beach,8,W,18,No,,22,17,NONE,clear,
17266,2024-07-27,Ward's Island Beach,8,W,18,No,,22,,NONE,clear,
17267,2024-07-27,Cherry Beach,8,W,18,No,,23,,NONE,debris,
17268,2024-07-27,Woodbine Beaches,8,W,18,No,,18,21,NONE,clear,
17269,2024-07-27,Kew Balmy Beach,8,W,18,No,,19,86,NONE,clear,
17270,2024-07-27,Bluffer's Beach Park,8,W,18,No,,16,2,NONE,clear,
17271,2024-07-28,Marie Curtis Park East Beach,13,E,20,No,,19,4,LOW,murky,2.55
17272,2024-07-28,Sunnyside Beach,13,E,20,No,,22,16,NONE,clear,2.51
17273,2024-07-28,Hanlan's Point Beach,13,E,20,No,,22,11,NONE,clear,
17274,2024-07-28,Gibraltar Point Beach,13,E,20,No,,23,1,LOW,clear,
17275,2024-07-28,Centre Island Beach,13,E,20,No,,23,54,NONE,clear,
17276,2024-07-28,Ward's Island Beach,13,E,20,No,,23,2,NONE,clear,
17277,2024-07-28,Cherry Beach,13,E,20,No,,24,11,NONE,clear,
17278,2024-07-28,Woodbine Beaches,13,E,20,No,,21,2,LOW,Cloudy,
17279,2024-07-28,Kew Balmy Beach,13,E,20,No,,21,13,LOW,Cloudy,
17280,2024-07-28,Bluffer's Beach Park,13,E,20,No,,19,,LOW,Cloudy ,
15561,2024-07-29,Marie Curtis Park East Beach,4,SW,21,No,,22,41,NONE,murky,2.61
15562,2024-07-29,Sunnyside Beach,4,SW,21,No,,23,8,NONE,murky,0.96
15563,2024-07-29,Hanlan's Point Beach,4,SW,21,No,,23,2,NONE,clear,
15564,2024-07-29,Gibraltar Point Beach,4,SW,21,No,,24,,NONE,clear,
15565,2024-07-29,Centre Island Beach,4,SW,21,No,,23,6,NONE,clear,
15566,2024-07-29,Ward's Island Beach,4,SW,21,No,,24,,NONE,cloudy,
15567,2024-07-29,Cherry Beach,4,SW,21,No,,24,,NONE,clear,
15568,2024-07-29,Woodbine Beaches,4,SW,21,No,,19,27,NONE,clear,
15569,2024-07-29,Kew Balmy Beach,4,SW,21,No,,19,24,NONE,clear,
15570,2024-07-29,Bluffer's Beach Park,4,SW,21,No,,21,,NONE,clear,
14259,2024-07-30,Marie Curtis Park East Beach,15,NE,24,No,,24,,NONE,clear,1.89
14260,2024-07-30,Sunnyside Beach,15,NE,24,No,,24,,NONE,clear,0.57
14261,2024-07-30,Hanlan's Point Beach,15,NE,24,No,,22,,NONE,clear,
14262,2024-07-30,Gibraltar Point Beach,15,NE,24,No,,23,,NONE,clear,
14263,2024-07-30,Centre Island Beach,15,NE,24,No,,24,,NONE,clear,
14264,2024-07-30,Ward's Island Beach,15,NE,24,No,,24,,NONE,clear,
14265,2024-07-30,Cherry Beach,15,NE,24,No,,26,,NONE,clear,
14266,2024-07-30,Woodbine Beaches,15,NE,24,No,,22,2,LOW,cloudy,
14267,2024-07-30,Kew Balmy Beach,15,NE,24,No,,22,11,LOW,cloudy,
14268,2024-07-30,Bluffer's Beach Park,15,NE,24,No,,21,3,LOW,cloudy,
16661,2024-07-31,Marie Curtis Park East Beach,17,NW,23,No,,24,,NONE,Murky,4.05
16662,2024-07-31,Sunnyside Beach,17,NW,23,No,,25,10,NONE,Murky,1.13
16663,2024-07-31,Hanlan's Point Beach,17,NW,23,No,,24,,LOW,Murky,
16664,2024-07-31,Gibraltar Point Beach,17,NW,23,No,,23,,NONE,Clear,
16665,2024-07-31,Centre Island Beach,17,NW,23,No,,23,13,NONE,Clear,
16666,2024-07-31,Ward's Island Beach,17,NW,23,No,,25,,NONE,Clear,
16667,2024-07-31,Cherry Beach,17,NW,23,Yes,,26,11,NONE,Clear,
16668,2024-07-31,Woodbine Beaches,17,NW,23,Yes,,20,6,NONE,Clear,
16669,2024-07-31,Kew Balmy Beach,17,NW,23,Yes,,20,34,NONE,Clear,
16670,2024-07-31,Bluffer's Beach Park,17,NW,23,Yes,,23,13,NONE,Clear,
13609,2024-08-01,Marie Curtis Park East Beach,15,NW,23,Yes,1,23,,NONE,Murky ,1.13
13610,2024-08-01,Sunnyside Beach,15,NW,23,Yes,1,24,30,NONE,Murky,0.83
13611,2024-08-01,Hanlan's Point Beach,15,NW,23,Yes,1,24,4,NONE,Clear,
13612,2024-08-01,Gibraltar Point Beach,15,NW,23,Yes,1,24,,NONE,Clear,
13613,2024-08-01,Centre Island Beach,15,NW,23,Yes,1,25,12,NONE,Clear,
13614,2024-08-01,Ward's Island Beach,15,NW,23,Yes,1,26,,NONE,Clear ,
13615,2024-08-01,Cherry Beach,15,NW,23,No,1,27,4,NONE,Clear ,
13616,2024-08-01,Woodbine Beaches,15,NW,23,No,1,22,,NONE,Clear,
13617,2024-08-01,Kew Balmy Beach,15,NW,23,No,1,21,35,NONE,Clear,
13618,2024-08-01,Bluffer's Beach Park,15,NW,23,No,1,22,9,NONE,Clear ,
14701,2024-08-02,Marie Curtis Park East Beach,13,NE,24,Yes,0,,,NONE,Debris ,2.17
14702,2024-08-02,Sunnyside Beach,13,NE,24,Yes,0,,,NONE,Debris ,0.76
14703,2024-08-02,Hanlan's Point Beach,13,NE,24,Yes,0,25,3,NONE,Clear,
14704,2024-08-02,Gibraltar Point Beach,13,NE,24,Yes,0,25,,NONE,Clear ,
14705,2024-08-02,Centre Island Beach,13,NE,24,Yes,0,25,24,NONE,Clear,
14706,2024-08-02,Ward's Island Beach,13,NE,24,Yes,0,26,,NONE,Cloudy ,
14707,2024-08-02,Cherry Beach,13,NE,24,Yes,0,26,,NONE,Clear,
14708,2024-08-02,Woodbine Beaches,13,NE,24,Yes,0,23,,NONE,Clear,
14709,2024-08-02,Kew Balmy Beach,13,NE,24,Yes,0,22,,NONE,Clear,
14710,2024-08-02,Bluffer's Beach Park,13,NE,24,Yes,0,24,8,LOW,Clear ,
17501,2024-08-03,Marie Curtis Park East Beach,13,NW,24,No,,,3,NONE,Clear,1.62
17502,2024-08-03,Sunnyside Beach,13,NW,24,No,,,16,NONE,Clear,1.2
17503,2024-08-03,Hanlan's Point Beach,13,NW,24,No,,25,4,NONE,Clear,
17504,2024-08-03,Gibraltar Point Beach,13,NW,24,No,,24,,NONE,Cleare,
17505,2024-08-03,Centre Island Beach,13,NW,24,No,,24,28,NONE,Clear,
17506,2024-08-03,Ward's Island Beach,13,NW,24,No,,25,,NONE,Clear ,
17507,2024-08-03,Cherry Beach,13,NW,24,No,,26,,NONE,Clear,
17508,2024-08-03,Woodbine Beaches,13,NW,24,No,,21,14,NONE,clear,
17509,2024-08-03,Kew Balmy Beach,13,NW,24,No,,22,62,NONE,clear,
17510,2024-08-03,Bluffer's Beach Park,13,NW,24,No,,21,2,NONE,clear,
12998,2024-08-04,Marie Curtis Park East Beach,13,NW,21,No,,23,,NONE,clear,1.11
12999,2024-08-04,Sunnyside Beach,13,NW,21,No,,24,31,NONE,clear,1.13
13000,2024-08-04,Hanlan's Point Beach,13,NW,21,No,,23,,NONE,clear,
13001,2024-08-04,Gibraltar Point Beach,13,NW,21,No,,22,,NONE,clear,
13002,2024-08-04,Centre Island Beach,13,NW,21,No,,24,,NONE,clear,
13003,2024-08-04,Ward's Island Beach,13,NW,21,No,,23,,NONE,clear,
13004,2024-08-04,Cherry Beach,13,NW,21,No,,25,,NONE,clear,
13005,2024-08-04,Woodbine Beaches,13,NW,21,No,,20,,NONE,Clear ,
13006,2024-08-04,Kew Balmy Beach,13,NW,21,No,,20,23,NONE,Clear,
13007,2024-08-04,Bluffer's Beach Park,13,NW,21,No,,21,2,NONE,Clear,
13008,2024-08-05,Marie Curtis Park East Beach,22,NE,22,No,,21,9,NONE,Clear,1.11
13009,2024-08-05,Sunnyside Beach,22,NE,22,No,,21,29,NONE,Clear but with debris and algae ,0.94
13010,2024-08-05,Hanlan's Point Beach,22,NE,22,No,,22,12,NONE,Clear,
13011,2024-08-05,Gibraltar Point Beach,22,NE,22,No,,22,,NONE,Clear,
13012,2024-08-05,Centre Island Beach,22,NE,22,No,,23,7,NONE,Clear,
13013,2024-08-05,Ward's Island Beach,22,NE,22,No,,24,3,NONE,Clear ,
13014,2024-08-05,Cherry Beach,22,NE,22,No,,24,2,NONE,Clear ,
13015,2024-08-05,Woodbine Beaches,22,NE,22,No,,20,,NONE,clear,
13016,2024-08-05,Kew Balmy Beach,22,NE,22,No,,20,1,LOW,clear,
13017,2024-08-05,Bluffer's Beach Park,22,NE,22,No,,19,17,NONE,cloudy,
13018,2024-08-06,Marie Curtis Park East Beach,15,NE,19,Yes,7,23,,NONE,Murky,3.54
13019,2024-08-06,Sunnyside Beach,15,NE,19,Yes,7,23,,NONE,Murky,0.9
13020,2024-08-06,Hanlan's Point Beach,15,NE,19,Yes,7,21,,LOW,Clear,
13021,2024-08-06,Gibraltar Point Beach,15,NE,19,Yes,7,22,,HIGH,Clear,
13283,2024-08-06,Centre Island Beach,15,NE,19,Yes,7,22,5,NONE,Algae,
13284,2024-08-06,Ward's Island Beach,15,NE,19,Yes,7,22,,NONE,Clear,
13285,2024-08-06,Cherry Beach,15,NE,19,Yes,7,22,,NONE,Murky,
13286,2024-08-06,Woodbine Beaches,15,NE,19,Yes,7,23,,HIGH,cloudy,
13287,2024-08-06,Kew Balmy Beach,15,NE,19,Yes,7,22,7,HIGH,cloudy,
13288,2024-08-06,Bluffer's Beach Park,15,NE,19,Yes,7,29,,LOW,murky debris,
14209,2024-08-07,Marie Curtis Park East Beach,9,N,18,Yes,0,,,None,None,
14210,2024-08-07,Sunnyside Beach,9,N,18,Yes,0,,,None,None,
14211,2024-08-07,Hanlan's Point Beach,9,N,18,Yes,0,19,,MOD,Cloudy,
14212,2024-08-07,Gibraltar Point Beach,9,N,18,Yes,0,20,,HIGH,Cloudy,
14213,2024-08-07,Centre Island Beach,9,N,18,Yes,0,22,,HIGH,Clear,
14214,2024-08-07,Ward's Island Beach,9,N,18,Yes,0,22,,NONE,Clear ,
14215,2024-08-07,Cherry Beach,9,N,18,Yes,0,23,,NONE,Clear ,
14216,2024-08-07,Woodbine Beaches,9,N,18,Yes,0,21,,MOD,Murky,
14217,2024-08-07,Kew Balmy Beach,9,N,18,Yes,0,21,,MOD,Algae,
14218,2024-08-07,Bluffer's Beach Park,9,N,18,Yes,0,19,3,HIGH,Murky ,
15821,2024-08-08,Marie Curtis Park East Beach,17,E,22,No,,22,,HIGH,murky,8.21
15822,2024-08-08,Sunnyside Beach,17,E,22,No,,23,53,NONE,clear,0.82
15823,2024-08-08,Hanlan's Point Beach,17,E,22,No,,22,,LOW,clear,
15824,2024-08-08,Gibraltar Point Beach,17,E,22,No,,,,HIGH,None,
15825,2024-08-08,Centre Island Beach,17,E,22,No,,,,HIGH,None,
15826,2024-08-08,Ward's Island Beach,17,E,22,No,,23,,NONE,clear,
15827,2024-08-08,Cherry Beach,17,E,22,No,,24,,NONE,clear,
15828,2024-08-08,Woodbine Beaches,17,E,22,No,,23,,HIGH,cloudy,
15829,2024-08-08,Kew Balmy Beach,17,E,22,No,,23,,HIGH,cloudy,
15830,2024-08-08,Bluffer's Beach Park,17,E,22,No,,21,7,HIGH,murky,
12898,2024-08-09,Marie Curtis Park East Beach,15,E,22,No,,24,13,NONE,cloudy,2.4
12899,2024-08-09,Sunnyside Beach,15,E,22,No,,23,22,LOW,cloudy,0.63
12900,2024-08-09,Hanlan's Point Beach,15,E,22,No,,21,20,NONE,cloudy,
12901,2024-08-09,Gibraltar Point Beach,15,E,22,No,,22,,MOD,murky,
12902,2024-08-09,Centre Island Beach,15,E,22,No,,23,17,NONE,murky,
12903,2024-08-09,Ward's Island Beach,15,E,22,No,,22,8,LOW,murky,
12904,2024-08-09,Cherry Beach,15,E,22,No,,23,40,NONE,cloudy,
12905,2024-08-09,Woodbine Beaches,15,E,22,No,,21,,LOW,murky,
12906,2024-08-09,Kew Balmy Beach,15,E,22,No,,20,18,LOW,murky,
12907,2024-08-09,Bluffer's Beach Park,15,E,22,No,,21,36,MOD,murky,
13569,2024-08-10,Marie Curtis Park East Beach,18,W,17,Yes,7,23,,MOD,murky,1.97
13570,2024-08-10,Sunnyside Beach,18,W,17,Yes,7,22,36,NONE,clear,1.36
13571,2024-08-10,Hanlan's Point Beach,18,W,17,Yes,7,22,,HIGH,cloudy,
13572,2024-08-10,Gibraltar Point Beach,18,W,17,Yes,7,22,,HIGH,cloudy,
13573,2024-08-10,Centre Island Beach,18,W,17,Yes,7,,,None,None,
13574,2024-08-10,Ward's Island Beach,18,W,17,Yes,7,23,,LOW,cloudy,
13575,2024-08-10,Cherry Beach,18,W,17,Yes,7,24,,LOW,cloudy,
13576,2024-08-10,Woodbine Beaches,18,W,17,Yes,7,22,,NONE,Murky,
13577,2024-08-10,Kew Balmy Beach,18,W,17,Yes,7,22,,LOW,Murky,
13578,2024-08-10,Bluffer's Beach Park,18,W,17,Yes,7,21,,NONE,Clear,
13579,2024-08-11,Marie Curtis Park East Beach,18,SW,17,No,,20,,LOW,clear,7.45
13580,2024-08-11,Sunnyside Beach,18,SW,17,No,,21,,NONE,algae,1.37
13581,2024-08-11,Hanlan's Point Beach,18,SW,17,No,,20,,HIGH,clear,
13582,2024-08-11,Gibraltar Point Beach,18,SW,17,No,,20,,HIGH,clear,
13583,2024-08-11,Centre Island Beach,18,SW,17,No,,20,12,NONE,clear,
13584,2024-08-11,Ward's Island Beach,18,SW,17,No,,21,,LOW,debris,
13585,2024-08-11,Cherry Beach,18,SW,17,No,,21,,LOW,debris,
13586,2024-08-11,Woodbine Beaches,18,SW,17,No,,21,,LOW,Cloudy,
13587,2024-08-11,Kew Balmy Beach,18,SW,17,No,,20,7,LOW,Cloudy,
13588,2024-08-11,Bluffer's Beach Park,18,SW,17,No,,18,,LOW,Cloudy,
13379,2024-08-12,Marie Curtis Park East Beach,13,W,16,Yes,1,14,6,NONE,Clear,0.34
13380,2024-08-12,Sunnyside Beach,13,W,16,Yes,1,15,28,NONE,Clear,0.6
13381,2024-08-12,Hanlan's Point Beach,13,W,16,Yes,1,15,2,NONE,Clear,
13382,2024-08-12,Gibraltar Point Beach,13,W,16,Yes,1,18,30,NONE,Cloudy,
13383,2024-08-12,Centre Island Beach,13,W,16,Yes,1,19,38,NONE,Murky,
13384,2024-08-12,Ward's Island Beach,13,W,16,Yes,1,20,,NONE,Clear,
13385,2024-08-12,Cherry Beach,13,W,16,Yes,1,22,8,NONE,Clear,
13386,2024-08-12,Woodbine Beaches,13,W,16,Yes,1,11,,NONE,clear,
13387,2024-08-12,Kew Balmy Beach,13,W,16,Yes,1,12,16,NONE,clear,
13388,2024-08-12,Bluffer's Beach Park,13,W,16,Yes,1,10,,NONE,clear,
12688,2024-08-13,Marie Curtis Park East Beach,17,NW,17,Yes,0,,,NONE,Clear,0.42
12689,2024-08-13,Sunnyside Beach,17,NW,17,Yes,0,,14,NONE,Clear,0.38
12690,2024-08-13,Hanlan's Point Beach,17,NW,17,Yes,0,,6,NONE,Clear,
12691,2024-08-13,Gibraltar Point Beach,17,NW,17,Yes,0,,40,NONE,Clear,
12692,2024-08-13,Centre Island Beach,17,NW,17,Yes,0,,11,NONE,Clear,
12693,2024-08-13,Ward's Island Beach,17,NW,17,Yes,0,,,NONE,Clear,
12694,2024-08-13,Cherry Beach,17,NW,17,Yes,0,,5,NONE,Clear,
12695,2024-08-13,Woodbine Beaches,17,NW,17,Yes,0,9,2,NONE,Clear,
12696,2024-08-13,Kew Balmy Beach,17,NW,17,Yes,0,11,21,NONE,Cloudy,
12697,2024-08-13,Bluffer's Beach Park,17,NW,17,Yes,0,9,3,NONE,Clear,
15781,2024-08-14,Marie Curtis Park East Beach,5,W,17,No,,22,,NONE,Clear,0.57
15782,2024-08-14,Sunnyside Beach,5,W,17,No,,19,,NONE,Clear,0.51
15783,2024-08-14,Hanlan's Point Beach,5,W,17,No,,19,,NONE,Clear,
15784,2024-08-14,Gibraltar Point Beach,5,W,17,No,,20,,NONE,Clear,
15785,2024-08-14,Centre Island Beach,5,W,17,No,,21,14,NONE,Clear,
15786,2024-08-14,Ward's Island Beach,5,W,17,No,,22,7,NONE,Cloudy,
15787,2024-08-14,Cherry Beach,5,W,17,No,,22,3,NONE,Murky,
15788,2024-08-14,Woodbine Beaches,5,W,17,No,,14,17,NONE,Clear,
15789,2024-08-14,Kew Balmy Beach,5,W,17,No,,15,63,NONE,Clear,
15790,2024-08-14,Bluffer's Beach Park,5,W,17,No,,10,4,NONE,Clear,
16581,2024-08-15,Marie Curtis Park East Beach,9,SW,18,No,,19,,NONE,Clear,0.77
16582,2024-08-15,Sunnyside Beach,9,SW,18,No,,19,16,NONE,Clear,0.82
16583,2024-08-15,Hanlan's Point Beach,9,SW,18,No,,20,20,NONE,Clear,
16584,2024-08-15,Gibraltar Point Beach,9,SW,18,No,,20,,NONE,Clear,
16585,2024-08-15,Centre Island Beach,9,SW,18,No,,20,50,NONE,Clear,
16586,2024-08-15,Ward's Island Beach,9,SW,18,No,,21,15,NONE,Clear,
16587,2024-08-15,Cherry Beach,9,SW,18,N/A,,22,15,NONE,Clear,
16588,2024-08-15,Woodbine Beaches,9,SW,18,N/A,,12,3,NONE,Clear,
16589,2024-08-15,Kew Balmy Beach,9,SW,18,N/A,,13,,NONE,Clear,
16590,2024-08-15,Bluffer's Beach Park,9,SW,18,N/A,,9,7,NONE,Clear,
17831,2024-08-16,Marie Curtis Park East Beach,17,NE,20,No,,21,3,MOD,Debris,0.58
17832,2024-08-16,Sunnyside Beach,17,NE,20,No,,21,15,NONE,Clear,0.41
17833,2024-08-16,Hanlan's Point Beach,17,NE,20,No,,21,,NONE,Clear,
17834,2024-08-16,Gibraltar Point Beach,17,NE,20,No,,22,,NONE,Clear,
17835,2024-08-16,Centre Island Beach,17,NE,20,No,,22,6,NONE,Clear,
17836,2024-08-16,Ward's Island Beach,17,NE,20,No,,22,,NONE,Murky,
17837,2024-08-16,Cherry Beach,17,NE,20,No,,23,,NONE,Clear,
17838,2024-08-16,Woodbine Beaches,17,NE,20,No,,14,4,NONE,Clear,
17839,2024-08-16,Kew Balmy Beach,17,NE,20,No,,15,13,NONE,Clear,
17840,2024-08-16,Bluffer's Beach Park,17,NE,20,No,,15,5,LOW,Clear,
14971,2024-08-17,Marie Curtis Park East Beach,15,NE,21,Yes,4,22,7,LOW,Murky,0.95
14972,2024-08-17,Sunnyside Beach,15,NE,21,Yes,4,22,2,NONE,Clear,0.62
14973,2024-08-17,Hanlan's Point Beach,15,NE,21,Yes,4,22,3,NONE,Clear,
14974,2024-08-17,Gibraltar Point Beach,15,NE,21,Yes,4,22,,NONE,Murky and cloudy,
14975,2024-08-17,Centre Island Beach,15,NE,21,Yes,4,23,22,NONE,Clear,
14976,2024-08-17,Ward's Island Beach,15,NE,21,Yes,4,23,,NONE,Clear,
14977,2024-08-17,Cherry Beach,15,NE,21,Yes,4,22,5,NONE,Clear,
14978,2024-08-17,Woodbine Beaches,15,NE,21,Yes,4,,5,NONE,Cloudy,
14979,2024-08-17,Kew Balmy Beach,15,NE,21,Yes,4,,13,NONE,Cloudy,
14980,2024-08-17,Bluffer's Beach Park,15,NE,21,Yes,4,17,7,LOW,Cloudy,
14981,2024-08-18,Marie Curtis Park East Beach,17,SW,22,No,,22,,MOD,Debris,3.1
14982,2024-08-18,Sunnyside Beach,17,SW,22,No,,23,29,NONE,Debris,1.5
14983,2024-08-18,Hanlan's Point Beach,17,SW,22,No,,23,,LOW,Clear,
14984,2024-08-18,Gibraltar Point Beach,17,SW,22,No,,23,,MOD,Clear,
14985,2024-08-18,Centre Island Beach,17,SW,22,No,,23,,MOD,Clear,
14986,2024-08-18,Ward's Island Beach,17,SW,22,No,,22,,MOD,Clear,
14987,2024-08-18,Cherry Beach,17,SW,22,No,,22,,LOW,Clear,
14988,2024-08-18,Woodbine Beaches,17,SW,22,No,,14,2,LOW,Cloudy,
14989,2024-08-18,Kew Balmy Beach,17,SW,22,No,,14,,NONE,Algae,
14990,2024-08-18,Bluffer's Beach Park,17,SW,22,No,,19,,LOW,Murky,
14991,2024-08-19,Marie Curtis Park East Beach,21,NW,15,Yes,1,20,,NONE,Clear,2.28
14992,2024-08-19,Sunnyside Beach,21,NW,15,Yes,1,20,,NONE,Clear,1.08
14993,2024-08-19,Hanlan's Point Beach,21,NW,15,Yes,1,17,,NONE,Cloudy,
14994,2024-08-19,Gibraltar Point Beach,21,NW,15,Yes,1,15,,NONE,Cloudy,
14995,2024-08-19,Centre Island Beach,21,NW,15,Yes,1,19,,NONE,Cloudy,
14996,2024-08-19,Ward's Island Beach,21,NW,15,Yes,1,20,,NONE,Clear,
14997,2024-08-19,Cherry Beach,21,NW,15,Yes,1,21,,NONE,Clear,
14998,2024-08-19,Woodbine Beaches,21,NW,15,Yes,1,14,,NONE,Clear,
14999,2024-08-19,Kew Balmy Beach,21,NW,15,Yes,1,14,37,NONE,Clear,
15000,2024-08-19,Bluffer's Beach Park,21,NW,15,Yes,1,17,2,LOW,Clear,
15001,2024-08-20,Marie Curtis Park East Beach,13,NW,13,No,,16,14,LOW,Clear,2.56
15002,2024-08-20,Sunnyside Beach,13,NW,13,No,,15,22,NONE,Algae,0.95
15003,2024-08-20,Hanlan's Point Beach,13,NW,13,No,,18,,NONE,Clear,
15004,2024-08-20,Gibraltar Point Beach,13,NW,13,No,,17,,NONE,Clear,
15005,2024-08-20,Centre Island Beach,13,NW,13,No,,17,,NONE,Clear,
15006,2024-08-20,Ward's Island Beach,13,NW,13,No,,18,,NONE,Murky,
15007,2024-08-20,Cherry Beach,13,NW,13,No,,17,4,NONE,Clear,
15008,2024-08-20,Woodbine Beaches,13,NW,13,No,,17,12,NONE,Clear,
15009,2024-08-20,Kew Balmy Beach,13,NW,13,No,,18,,NONE,Clear,
15010,2024-08-20,Bluffer's Beach Park,13,NW,13,No,,17,3,NONE,Clear,
15011,2024-08-21,Marie Curtis Park East Beach,13,NW,12,No,,18,3,NONE,clear,1.12
15012,2024-08-21,Sunnyside Beach,13,NW,12,No,,18,7,NONE,clear,0.6
15013,2024-08-21,Hanlan's Point Beach,13,NW,12,No,,16,,NONE,clear,
15014,2024-08-21,Gibraltar Point Beach,13,NW,12,No,,18,,NONE,clear,
15015,2024-08-21,Centre Island Beach,13,NW,12,No,,19,105,NONE,clear,
15016,2024-08-21,Ward's Island Beach,13,NW,12,No,,18,,NONE,clear,
15017,2024-08-21,Cherry Beach,13,NW,12,No,,17,23,NONE,Clear,
15018,2024-08-21,Woodbine Beaches,13,NW,12,No,,17,4,NONE,clear,
15019,2024-08-21,Kew Balmy Beach,13,NW,12,No,,17,13,NONE,clear,
15250,2024-08-21,Bluffer's Beach Park,13,NW,12,No,,16,3,NONE,clear,
14429,2024-08-22,Marie Curtis Park East Beach,15,NW,14,No,,18,7,NONE,Clear,1.33
14430,2024-08-22,Sunnyside Beach,15,NW,14,No,,18,13,NONE,"Light debris, clear water",0.95
14431,2024-08-22,Hanlan's Point Beach,15,NW,14,No,,19,4,NONE,clear,
14432,2024-08-22,Gibraltar Point Beach,15,NW,14,No,,9,16,NONE,clear,
14433,2024-08-22,Centre Island Beach,15,NW,14,No,,18,8,NONE,clear,
14434,2024-08-22,Ward's Island Beach,15,NW,14,No,,18,1,NONE,clear,
14435,2024-08-22,Cherry Beach,15,NW,14,No,,18,9,NONE,Clear,
14436,2024-08-22,Woodbine Beaches,15,NW,14,No,,16,,NONE,Clear,
14437,2024-08-22,Kew Balmy Beach,15,NW,14,No,,17,4,NONE,Clear,
14438,2024-08-22,Bluffer's Beach Park,15,NW,14,No,,18,3,NONE,Clear,
17281,2024-08-23,Marie Curtis Park East Beach,9,SW,16,N/A,,19,,NONE,Clear,1.23
17282,2024-08-23,Sunnyside Beach,9,SW,16,N/A,,19,16,NONE,"Light debris, bird feathers clear water",1.15
17283,2024-08-23,Hanlan's Point Beach,9,SW,16,N/A,,19,12,LOW,Clear,
17284,2024-08-23,Gibraltar Point Beach,9,SW,16,N/A,,19,,LOW,clear,
17285,2024-08-23,Centre Island Beach,9,SW,16,N/A,,19,8,NONE,clear,
17286,2024-08-23,Ward's Island Beach,9,SW,16,N/A,,20,,NONE,clear,
17287,2024-08-23,Cherry Beach,9,SW,16,No,,20,,NONE,Clear,
17288,2024-08-23,Woodbine Beaches,9,SW,16,No,,16,,NONE,Clear,
17289,2024-08-23,Kew Balmy Beach,9,SW,16,No,,17,,NONE,Clear,
17290,2024-08-23,Bluffer's Beach Park,9,SW,16,No,,17,,NONE,Clear,
13132,2024-08-24,Marie Curtis Park East Beach,8,W,17,No,,20,,NONE,Murky,1.35
13133,2024-08-24,Sunnyside Beach,8,W,17,No,,20,5,NONE,Clear,1.87
13134,2024-08-24,Hanlan's Point Beach,8,W,17,No,,20,,NONE,Clear,
13135,2024-08-24,Gibraltar Point Beach,8,W,17,No,,21,,NONE,Clear,
13136,2024-08-24,Centre Island Beach,8,W,17,No,,19,,NONE,Clear,
13137,2024-08-24,Ward's Island Beach,8,W,17,No,,20,,NONE,Clear,
13138,2024-08-24,Cherry Beach,8,W,17,No,,20,,NONE,Clear,
13139,2024-08-24,Woodbine Beaches,8,W,17,No,,17,12,NONE,Clear,
13140,2024-08-24,Kew Balmy Beach,8,W,17,No,,17,13,NONE,Clear,
13141,2024-08-24,Bluffer's Beach Park,8,W,17,No,,16,15,NONE,Clear,
16361,2024-08-25,Marie Curtis Park East Beach,4,SE,17,No,,20,7,NONE,Clear,1.27
16362,2024-08-25,Sunnyside Beach,4,SE,17,No,,20,32,NONE,Clear,0.95
16363,2024-08-25,Hanlan's Point Beach,4,SE,17,No,,21,3,NONE,Clear,
16364,2024-08-25,Gibraltar Point Beach,4,SE,17,No,,20,,NONE,Clear,
16365,2024-08-25,Centre Island Beach,4,SE,17,No,,20,19,NONE,Clear,
16366,2024-08-25,Ward's Island Beach,4,SE,17,No,,19,4,NONE,Clear,
16367,2024-08-25,Cherry Beach,,None,17,No,,21,12,NONE,Clear,
16368,2024-08-25,Woodbine Beaches,,None,17,No,,18,16,NONE,Clear,
16369,2024-08-25,Kew Balmy Beach,,None,17,No,,19,22,NONE,Clear,
16370,2024-08-25,Bluffer's Beach Park,,None,17,No,,17,7,NONE,Clear,
17121,2024-08-26,Marie Curtis Park East Beach,9,W,18,No,,20,7,NONE,Clear,0.73
17122,2024-08-26,Sunnyside Beach,9,W,18,No,,20,7,NONE,Clear,0.78
17123,2024-08-26,Hanlan's Point Beach,9,W,18,No,,19,,NONE,Clear,
17124,2024-08-26,Gibraltar Point Beach,9,W,18,No,,19,,NONE,Clear,
17125,2024-08-26,Centre Island Beach,9,W,18,No,,19,40,NONE,Clear,
17126,2024-08-26,Ward's Island Beach,9,W,18,No,,20,,NONE,Clear,
17127,2024-08-26,Cherry Beach,9,W,18,No,,22,,NONE,Clear,
17128,2024-08-26,Woodbine Beaches,9,W,18,No,,18,12,NONE,Clear,
17129,2024-08-26,Kew Balmy Beach,9,W,18,No,,18,64,NONE,Clear,
17130,2024-08-26,Bluffer's Beach Park,9,W,18,No,,19,,NONE,Clear,
11608,2024-08-27,Marie Curtis Park East Beach,4,SE,22,No,,22,,NONE,Cloudy,1.18
11609,2024-08-27,Sunnyside Beach,4,SE,22,No,,22,17,NONE,Clear,1.97
11610,2024-08-27,Hanlan's Point Beach,4,SE,22,No,,22,2,NONE,clear,
11611,2024-08-27,Gibraltar Point Beach,4,SE,22,No,,22,,NONE,clear,
11612,2024-08-27,Centre Island Beach,4,SE,22,No,,22,2,NONE,clear,
11613,2024-08-27,Ward's Island Beach,4,SE,22,No,,22,,NONE,clear,
11614,2024-08-27,Cherry Beach,6,S,23,No,,23,4,NONE,murky,
11615,2024-08-27,Woodbine Beaches,6,S,23,No,,20,3,NONE,clear,
11616,2024-08-27,Kew Balmy Beach,6,S,23,No,,20,4,NONE,clear,
11617,2024-08-27,Bluffer's Beach Park,6,S,23,No,,22,3,NONE,clear,
16841,2024-08-28,Marie Curtis Park East Beach,8,NW,23,No,,20,,NONE,Murky,2.39
16842,2024-08-28,Sunnyside Beach,8,NW,23,No,,23,3,NONE, Clear,1.31
16843,2024-08-28,Hanlan's Point Beach,8,NW,23,No,,23,45,NONE,Cloudy,
16844,2024-08-28,Gibraltar Point Beach,8,NW,23,No,,22,,NONE,Clear,
16845,2024-08-28,Centre Island Beach,8,NW,23,No,,23,31,NONE,Clear,
16846,2024-08-28,Ward's Island Beach,8,NW,23,No,,23,,NONE,Clear,
16847,2024-08-28,Cherry Beach,8,NW,23,No,,24,5,NONE,Clear,
16848,2024-08-28,Woodbine Beaches,8,NW,23,No,,19,8,NONE,Clear,
16849,2024-08-28,Kew Balmy Beach,8,NW,23,No,,19,15,NONE,Clear,
16850,2024-08-28,Bluffer's Beach Park,8,NW,23,No,,22,17,NONE,Clear,
16071,2024-08-29,Marie Curtis Park East Beach,15,NE,17,Yes,0,19,,LOW,Cloudy,4.38
16072,2024-08-29,Sunnyside Beach,15,NE,17,Yes,0,19,10,NONE,Cloudy,2.12
16073,2024-08-29,Hanlan's Point Beach,15,NE,17,Yes,0,20,6,NONE,Murky,
16074,2024-08-29,Gibraltar Point Beach,15,NE,17,Yes,0,20,7,MOD,Clear,
16075,2024-08-29,Centre Island Beach,15,NE,17,Yes,0,21,4,NONE,Clear,
16076,2024-08-29,Ward's Island Beach,15,NE,17,Yes,0,20,3,NONE,Clear,
16077,2024-08-29,Cherry Beach,15,NE,17,Yes,0,21,,NONE,Clear,
16078,2024-08-29,Woodbine Beaches,15,NE,17,Yes,0,18,,MOD,Murky,
16079,2024-08-29,Kew Balmy Beach,15,NE,17,Yes,0,18,6,MOD,Murky,
16080,2024-08-29,Bluffer's Beach Park,15,NE,17,Yes,0,22,42,MOD,Murky,
16611,2024-08-30,Marie Curtis Park East Beach,13,NE,19,Yes,3,20,,LOW,cloudy,4.49
16612,2024-08-30,Sunnyside Beach,13,NE,19,Yes,3,20,30,NONE,cloudy,0.61
16613,2024-08-30,Hanlan's Point Beach,13,NE,19,Yes,3,21,,NONE,clear,
16614,2024-08-30,Gibraltar Point Beach,13,NE,19,Yes,3,20,,None,clear,
16615,2024-08-30,Centre Island Beach,13,NE,19,Yes,3,20,,None,clear,
16616,2024-08-30,Ward's Island Beach,13,NE,19,Yes,3,21,,None,clear,
16617,2024-08-30,Cherry Beach,7,NE,16,Yes,3,22,,NONE,clear,
16618,2024-08-30,Woodbine Beaches,7,NE,16,Yes,3,20,11,HIGH,clear,
16619,2024-08-30,Kew Balmy Beach,7,NE,16,Yes,3,20,42,MOD,cloudy,
16620,2024-08-30,Bluffer's Beach Park,7,NE,16,Yes,3,21,,MOD,cloudy,
11848,2024-08-31,Marie Curtis Park East Beach,5,SW,22,Yes,4,22,,NONE,Murky,3.53
11849,2024-08-31,Sunnyside Beach,5,SW,22,Yes,4,22,7,NONE,Clear,0.71
11850,2024-08-31,Hanlan's Point Beach,5,SW,22,Yes,4,22,16,NONE,Clear,
11851,2024-08-31,Gibraltar Point Beach,5,SW,22,Yes,4,21,8,NONE,Cloudy,
11852,2024-08-31,Centre Island Beach,5,SW,22,Yes,4,22,24,NONE,Clear,
11853,2024-08-31,Ward's Island Beach,5,SW,22,Yes,4,23,,NONE,Clear,
11854,2024-08-31,Cherry Beach,7,SW,21,No,4,22,7,NONE,Clear,
11855,2024-08-31,Woodbine Beaches,7,SW,21,No,4,19,,NONE,Cloudy,
11856,2024-08-31,Kew Balmy Beach,7,SW,21,No,4,19,,NONE,Cloudy,
11857,2024-08-31,Bluffer's Beach Park,7,SW,21,No,4,23,11,LOW,Cloudy,
14848,2024-09-01,Marie Curtis Park East Beach,18,SW,20,Yes,6,22,,MOD,murky,1.2
14849,2024-09-01,Sunnyside Beach,18,SW,20,Yes,6,22,12,NONE,Murky,1.22
14850,2024-09-01,Hanlan's Point Beach,18,SW,20,Yes,6,22,,MOD,Murky,
14851,2024-09-01,Gibraltar Point Beach,18,SW,20,Yes,6,22,,MOD,Cloudy,
14852,2024-09-01,Centre Island Beach,18,SW,20,Yes,6,22,33,NONE,Cloudy,
14853,2024-09-01,Ward's Island Beach,18,SW,20,Yes,6,23,,MOD,Clear,
14854,2024-09-01,Cherry Beach,18,SW,20,Yes,6,23,,LOW,Clear,
14855,2024-09-01,Woodbine Beaches,18,SW,20,Yes,6,20,,LOW,Clear,
14856,2024-09-01,Kew Balmy Beach,18,SW,20,Yes,6,20,7,LOW,Clear,
14857,2024-09-01,Bluffer's Beach Park,18,SW,20,Yes,6,18,10,MOD,Clear,
14858,2024-09-02,Marie Curtis Park East Beach,9,NW,13,No,,23,34,NONE,Clear,
14859,2024-09-02,Sunnyside Beach,9,NW,13,No,,23,12,NONE,Clear,
14860,2024-09-02,Hanlan's Point Beach,9,NW,13,No,,18,,NONE,Clear,
14861,2024-09-02,Gibraltar Point Beach,9,NW,13,No,,21,,NONE,Clear,
14862,2024-09-02,Centre Island Beach,9,NW,13,No,,21,60,NONE,Clear,
14863,2024-09-02,Ward's Island Beach,9,NW,13,No,,21,3,NONE,Clear,
14864,2024-09-02,Cherry Beach,9,NW,13,No,,20,9,NONE,Clear,
14865,2024-09-02,Woodbine Beaches,9,NW,13,No,,20,3,NONE,Clear,
14866,2024-09-02,Kew Balmy Beach,9,NW,13,No,,21,25,NONE,Clear,
14867,2024-09-02,Bluffer's Beach Park,9,NW,13,No,,20,3,NONE,Clear,
14868,2024-09-03,Marie Curtis Park East Beach,17,N,14,N/A,,,,None,None,
14869,2024-09-03,Sunnyside Beach,17,N,14,N/A,,21,36,NONE,clear,7.73
14870,2024-09-03,Hanlan's Point Beach,17,N,14,N/A,,,,None,None,
14871,2024-09-03,Gibraltar Point Beach,17,N,14,N/A,,,,None,None,
14872,2024-09-03,Centre Island Beach,17,N,14,N/A,,,,None,None,
14873,2024-09-03,Ward's Island Beach,17,N,14,N/A,,,,None,None,
14874,2024-09-03,Cherry Beach,17,N,14,No,,22,11,NONE,clear,
14875,2024-09-03,Woodbine Beaches,17,N,14,No,,21,,NONE,clear,
14876,2024-09-03,Kew Balmy Beach,17,N,14,No,,22,,NONE,clear,
14877,2024-09-03,Bluffer's Beach Park,17,N,14,No,,,,None,None,
17901,2024-09-04,Marie Curtis Park East Beach,4,SE,13,No,,,,None,None,
17902,2024-09-04,Sunnyside Beach,4,SE,13,No,,18,52,NONE,clear,5.97
17903,2024-09-04,Hanlan's Point Beach,4,SE,13,No,,,,None,None,
17904,2024-09-04,Gibraltar Point Beach,4,SE,13,No,,,,None,None,
17905,2024-09-04,Centre Island Beach,4,SE,13,No,,,,None,None,
17906,2024-09-04,Ward's Island Beach,4,SE,13,No,,,,None,None,
17907,2024-09-04,Cherry Beach,4,SE,13,No,,22,11,NONE,clear,
17908,2024-09-04,Woodbine Beaches,4,SE,13,No,,20,2,NONE,clear,
17909,2024-09-04,Kew Balmy Beach,4,SE,13,No,,21,2,NONE,cloudy,
17910,2024-09-04,Bluffer's Beach Park,4,SE,13,No,,,,None,None,
14219,2024-09-05,Marie Curtis Park East Beach,,N,18,No,,,,None,None,
14220,2024-09-05,Sunnyside Beach,,N,18,No,,20,13,NONE,clear,0.71
14221,2024-09-05,Hanlan's Point Beach,,N,18,No,,,,None,None,
14222,2024-09-05,Gibraltar Point Beach,,N,18,No,,,,None,None,
14223,2024-09-05,Centre Island Beach,,N,18,No,,,,None,None,
14224,2024-09-05,Ward's Island Beach,,N,18,No,,,,None,None,
14225,2024-09-05,Cherry Beach,,N,16,No,,22,,NONE,Clear,
14226,2024-09-05,Woodbine Beaches,,N,16,No,,18,,LOW,None,
14227,2024-09-05,Kew Balmy Beach,,N,16,No,,,,None,None,
14228,2024-09-05,Bluffer's Beach Park,,N,16,No,,,,None,None,
15471,2024-09-06,Marie Curtis Park East Beach,18,SW,20,Yes,5,,,None,None,
15472,2024-09-06,Sunnyside Beach,18,SW,20,Yes,5,18,34,NONE,Clear,2.77
15473,2024-09-06,Hanlan's Point Beach,18,SW,20,Yes,5,,,None,None,
15474,2024-09-06,Gibraltar Point Beach,18,SW,20,Yes,5,,,None,None,
15475,2024-09-06,Centre Island Beach,18,SW,20,Yes,5,,,None,None,
15476,2024-09-06,Ward's Island Beach,18,SW,20,Yes,5,,,None,None,
15477,2024-09-06,Cherry Beach,18,SW,20,Yes,5,23,4,LOW,cloudy,
15478,2024-09-06,Woodbine Beaches,18,SW,20,Yes,5,21,3,NONE,clear,
15479,2024-09-06,Kew Balmy Beach,18,SW,20,Yes,5,20,15,NONE,clear,
15480,2024-09-06,Bluffer's Beach Park,18,SW,20,Yes,5,,,None,None,
14711,2024-09-07,Marie Curtis Park East Beach,15,W,13,Yes,3,,,None,None,
14712,2024-09-07,Sunnyside Beach,15,W,13,Yes,3,19,32,NONE,clear,0.77
14713,2024-09-07,Hanlan's Point Beach,15,W,13,Yes,3,,,None,None,
14714,2024-09-07,Gibraltar Point Beach,15,W,13,Yes,3,,,None,None,
14715,2024-09-07,Centre Island Beach,15,W,13,Yes,3,,,None,None,
14716,2024-09-07,Ward's Island Beach,15,W,13,Yes,3,,,None,None,
14717,2024-09-07,Cherry Beach,15,W,13,Yes,3,21,7,NONE,clear,
14898,2024-09-07,Woodbine Beaches,15,W,13,Yes,3,20,,NONE,CLEAR,
14899,2024-09-07,Kew Balmy Beach,15,W,13,Yes,3,21,,NONE,CLEAR,
14900,2024-09-07,Bluffer's Beach Park,15,W,13,Yes,3,,,None,None,
12008,2024-09-08,Marie Curtis Park East Beach,21,SW,9,No,,,,None,None,
12009,2024-09-08,Sunnyside Beach,21,SW,9,No,,12,,NONE,clear,0.64
12010,2024-09-08,Hanlan's Point Beach,21,SW,9,No,,,,None,None,
12011,2024-09-08,Gibraltar Point Beach,21,SW,9,No,,,,None,None,
12012,2024-09-08,Centre Island Beach,21,SW,9,No,,,,None,None,
12013,2024-09-08,Ward's Island Beach,21,SW,9,No,,,,None,None,
12014,2024-09-08,Cherry Beach,21,SW,9,No,,19,12,NONE,clear,
12015,2024-09-08,Woodbine Beaches,21,SW,9,No,,14,,NONE,clear,
12016,2024-09-08,Kew Balmy Beach,21,SW,9,No,,14,,NONE,clear,
12017,2024-09-08,Bluffer's Beach Park,21,SW,9,No,,,,None,None,
